date_raw,n_documents,documents,page,date
11 декабря 2025 00:00,8,https://roskazna.gov.ru/storage/operation-day-files/20251211_183456575.docx;https://roskazna.gov.ru/storage/operation-day-files/20251222_114558324.XML;https://roskazna.gov.ru/storage/operation-day-files/20251211_183456269.docx;https://roskazna.gov.ru/storage/operation-day-files/20251222_114726820.XML;https://roskazna.gov.ru/storage/operation-day-files/20251211_185811374.docx;https://roskazna.gov.ru/storage/operation-day-files/20251222_114618148.XML;https://roskazna.gov.ru/storage/operation-day-files/20251211_183456950.docx;https://roskazna.gov.ru/storage/operation-day-files/20251222_114547916.XML,10,2025-12-11
12 декабря 2025 00:00,8,https://roskazna.gov.ru/storage/operation-day-files/20251212_172153987.docx;https://roskazna.gov.ru/storage/operation-day-files/20251222_114416167.XML;https://roskazna.gov.ru/storage/operation-day-files/20251212_172153565.docx;https://roskazna.gov.ru/storage/operation-day-files/20251222_114332824.XML;https://roskazna.gov.ru/storage/operation-day-files/20251212_172153139.docx;https://roskazna.gov.ru/storage/operation-day-files/20251222_114358859.XML;https://roskazna.gov.ru/storage/operation-day-files/20251212_172153987.docx;https://roskazna.gov.ru/storage/operation-day-files/20251222_114347812.XML,10,2025-12-12
15 декабря 2025 00:00,6,https://roskazna.gov.ru/storage/operation-day-files/20251215_175637994.docx;https://roskazna.gov.ru/storage/operation-day-files/20251222_114136628.XML;https://roskazna.gov.ru/storage/operation-day-files/20251215_174730367.docx;https://roskazna.gov.ru/storage/operation-day-files/20251222_114123385.XML;https://roskazna.gov.ru/storage/operation-day-files/20251215_174730538.docx;https://roskazna.gov.ru/storage/operation-day-files/20251222_114148765.XML,10,2025-12-15
16 декабря 2025 00:00,2,https://roskazna.gov.ru/storage/operation-day-files/20251216_174245721.docx;https://roskazna.gov.ru/storage/operation-day-files/20251222_113934625.xml,10,2025-12-16
17 декабря 2025 00:00,4,https://roskazna.gov.ru/storage/operation-day-files/20251217_173855816.docx;https://roskazna.gov.ru/storage/operation-day-files/20251222_154904263.XML;https://roskazna.gov.ru/storage/operation-day-files/20251217_173855564.docx;https://roskazna.gov.ru/storage/operation-day-files/20251222_154904625.XML,10,2025-12-17
18 декабря 2025 00:00,2,https://roskazna.gov.ru/storage/operation-day-files/20251218_174703843.docx;https://roskazna.gov.ru/storage/operation-day-files/20251222_113713776.xml,10,2025-12-18
19 декабря 2025 00:00,4,https://roskazna.gov.ru/storage/operation-day-files/20251219_174019652.docx;https://roskazna.gov.ru/storage/operation-day-files/20251219_174009772.XML;https://roskazna.gov.ru/storage/operation-day-files/20251219_174029868.docx;https://roskazna.gov.ru/storage/operation-day-files/20251219_174014715.XML,10,2025-12-19
22 декабря 2025 00:00,6,https://roskazna.gov.ru/storage/operation-day-files/20251222_175418782.docx;https://roskazna.gov.ru/storage/operation-day-files/20251222_175418773.XML;https://roskazna.gov.ru/storage/operation-day-files/20251222_175418124.docx;https://roskazna.gov.ru/storage/operation-day-files/20251222_175418991.XML;https://roskazna.gov.ru/storage/operation-day-files/20251222_175418159.docx;https://roskazna.gov.ru/storage/operation-day-files/20251222_175418167.XML,10,2025-12-22
23 декабря 2025 00:00,4,https://roskazna.gov.ru/storage/operation-day-files/20251223_174826873.docx;https://roskazna.gov.ru/storage/operation-day-files/20251223_174826422.XML;https://roskazna.gov.ru/storage/operation-day-files/20251223_174826998.docx;https://roskazna.gov.ru/storage/operation-day-files/20251223_174826218.XML,10,2025-12-23
24 декабря 2025 00:00,6,https://roskazna.gov.ru/storage/operation-day-files/20251224_175807664.docx;https://roskazna.gov.ru/storage/operation-day-files/20251224_175802820.XML;https://roskazna.gov.ru/storage/operation-day-files/20251224_175807554.docx;https://roskazna.gov.ru/storage/operation-day-files/20251224_175807112.XML;https://roskazna.gov.ru/storage/operation-day-files/20251224_175807999.docx;https://roskazna.gov.ru/storage/operation-day-files/20251224_175807992.XML,10,2025-12-24
25 декабря 2025 00:00,6,https://roskazna.gov.ru/storage/operation-day-files/20251225_185319966.docx;https://roskazna.gov.ru/storage/operation-day-files/20251225_185319618.XML;https://roskazna.gov.ru/storage/operation-day-files/20251225_185708731.docx;https://roskazna.gov.ru/storage/operation-day-files/20260112_152741651.XML;https://roskazna.gov.ru/storage/operation-day-files/20251225_185319199.docx;https://roskazna.gov.ru/storage/operation-day-files/20251225_185319892.XML,9,2025-12-25
26 декабря 2025 00:00,8,https://roskazna.gov.ru/storage/operation-day-files/20251226_165503670.docx;https://roskazna.gov.ru/storage/operation-day-files/20251229_100151257.XML;https://roskazna.gov.ru/storage/operation-day-files/20251226_192703805.docx;https://roskazna.gov.ru/storage/operation-day-files/20251226_192702269.XML;https://roskazna.gov.ru/storage/operation-day-files/20251226_165503746.docx;https://roskazna.gov.ru/storage/operation-day-files/20251229_100151134.XML;https://roskazna.gov.ru/storage/operation-day-files/20251226_192703486.docx;https://roskazna.gov.ru/storage/operation-day-files/20251226_192702241.XML,9,2025-12-26
29 декабря 2025 00:00,8,https://roskazna.gov.ru/storage/operation-day-files/20251229_190402402.docx;https://roskazna.gov.ru/storage/operation-day-files/20251230_102152602.xml;https://roskazna.gov.ru/storage/operation-day-files/20251229_182717982.docx;https://roskazna.gov.ru/storage/operation-day-files/20251229_182716539.XML;https://roskazna.gov.ru/storage/operation-day-files/20251229_182717257.docx;https://roskazna.gov.ru/storage/operation-day-files/20251229_182717309.XML;https://roskazna.gov.ru/storage/operation-day-files/20251229_182717173.docx;https://roskazna.gov.ru/storage/operation-day-files/20251229_182717207.XML,9,2025-12-29
30 декабря 2025 00:00,8,https://roskazna.gov.ru/storage/operation-day-files/20251230_134617776.docx;https://roskazna.gov.ru/storage/operation-day-files/20251230_134616407.XML;https://roskazna.gov.ru/storage/operation-day-files/20251230_134617396.docx;https://roskazna.gov.ru/storage/operation-day-files/20260112_152123179.XML;https://roskazna.gov.ru/storage/operation-day-files/20251230_163749534.docx;https://roskazna.gov.ru/storage/operation-day-files/20251230_163749894.XML;https://roskazna.gov.ru/storage/operation-day-files/20251230_203917777.docx;https://roskazna.gov.ru/storage/operation-day-files/20251230_203917309.XML,9,2025-12-30
16 января 2026 00:00,2,https://roskazna.gov.ru/storage/operation-day-files/20260116_111751708.docx;https://roskazna.gov.ru/storage/operation-day-files/20260116_111751164.xml,9,2026-01-16
19 января 2026 00:00,2,https://roskazna.gov.ru/storage/operation-day-files/20260119_105911972.docx;https://roskazna.gov.ru/storage/operation-day-files/20260119_105851638.XML,9,2026-01-19
20 января 2026 00:00,2,https://roskazna.gov.ru/storage/operation-day-files/20260120_110417187.docx;https://roskazna.gov.ru/storage/operation-day-files/20260120_110417726.XML,9,2026-01-20
21 января 2026 00:00,2,https://roskazna.gov.ru/storage/operation-day-files/20260121_111435769.docx;https://roskazna.gov.ru/storage/operation-day-files/20260121_111435211.XML,9,2026-01-21
22 января 2026 00:00,2,https://roskazna.gov.ru/storage/operation-day-files/20260122_105634895.docx;https://roskazna.gov.ru/storage/operation-day-files/20260122_105634804.XML,9,2026-01-22
23 января 2026 00:00,2,https://roskazna.gov.ru/storage/operation-day-files/20260123_110139762.docx;https://roskazna.gov.ru/storage/operation-day-files/20260123_110139868.XML,9,2026-01-23
26 января 2026 00:00,4,https://roskazna.gov.ru/storage/operation-day-files/20260126_173716888.docx;https://roskazna.gov.ru/storage/operation-day-files/20260126_173716686.XML;https://roskazna.gov.ru/storage/operation-day-files/20260126_173716302.docx;https://roskazna.gov.ru/storage/operation-day-files/20260126_173716639.XML,8,2026-01-26
27 января 2026 00:00,6,https://roskazna.gov.ru/storage/operation-day-files/20260127_185827550.docx;https://roskazna.gov.ru/storage/operation-day-files/20260127_185827411.XML;https://roskazna.gov.ru/storage/operation-day-files/20260127_190753704.docx;https://roskazna.gov.ru/storage/operation-day-files/20260127_190753195.XML;https://roskazna.gov.ru/storage/operation-day-files/20260127_185827429.docx;https://roskazna.gov.ru/storage/operation-day-files/20260127_185827542.XML,8,2026-01-27
28 января 2026 00:00,4,https://roskazna.gov.ru/storage/operation-day-files/20260128_191347954.docx;https://roskazna.gov.ru/storage/operation-day-files/20260128_191347977.XML;https://roskazna.gov.ru/storage/operation-day-files/20260128_191347663.docx;https://roskazna.gov.ru/storage/operation-day-files/20260128_191347186.XML,8,2026-01-28
29 января 2026 00:00,6,https://roskazna.gov.ru/storage/operation-day-files/20260129_190706185.docx;https://roskazna.gov.ru/storage/operation-day-files/20260129_190706463.XML;https://roskazna.gov.ru/storage/operation-day-files/20260129_190706392.docx;https://roskazna.gov.ru/storage/operation-day-files/20260129_190706425.xml;https://roskazna.gov.ru/storage/operation-day-files/20260129_190706571.docx;https://roskazna.gov.ru/storage/operation-day-files/20260129_190706180.XML,8,2026-01-29
30 января 2026 00:00,6,https://roskazna.gov.ru/storage/operation-day-files/20260130_180936844.docx;https://roskazna.gov.ru/storage/operation-day-files/20260130_180936956.XML;https://roskazna.gov.ru/storage/operation-day-files/20260130_185707170.docx;https://roskazna.gov.ru/storage/operation-day-files/20260130_185707858.XML;https://roskazna.gov.ru/storage/operation-day-files/20260130_180936526.docx;https://roskazna.gov.ru/storage/operation-day-files/20260130_180936459.XML,8,2026-01-30
2 февраля 2026 00:00,6,https://roskazna.gov.ru/storage/operation-day-files/20260202_173310280.docx;https://roskazna.gov.ru/storage/operation-day-files/20260202_173310367.XML;https://roskazna.gov.ru/storage/operation-day-files/20260202_173310873.docx;https://roskazna.gov.ru/storage/operation-day-files/20260202_173310334.XML;https://roskazna.gov.ru/storage/operation-day-files/20260202_173310936.docx;https://roskazna.gov.ru/storage/operation-day-files/20260202_173310122.XML,8,2026-02-02
3 февраля 2026 00:00,4,https://roskazna.gov.ru/storage/operation-day-files/20260203_171905231.docx;https://roskazna.gov.ru/storage/operation-day-files/20260203_171905515.XML;https://roskazna.gov.ru/storage/operation-day-files/20260203_171905346.docx;https://roskazna.gov.ru/storage/operation-day-files/20260203_171905192.XML,8,2026-02-03
4 февраля 2026 00:00,4,https://roskazna.gov.ru/storage/operation-day-files/20260204_174553436.docx;https://roskazna.gov.ru/storage/operation-day-files/20260204_174553280.XML;https://roskazna.gov.ru/storage/operation-day-files/20260204_174553498.docx;https://roskazna.gov.ru/storage/operation-day-files/20260204_174552568.XML,8,2026-02-04
5 февраля 2026 00:00,2,https://roskazna.gov.ru/storage/operation-day-files/20260205_173635433.docx;https://roskazna.gov.ru/storage/operation-day-files/20260205_173635263.xml,8,2026-02-05
6 февраля 2026 00:00,2,https://roskazna.gov.ru/storage/operation-day-files/20260206_164915190.docx;https://roskazna.gov.ru/storage/operation-day-files/20260206_164915461.xml,8,2026-02-06
10 февраля 2026 00:00,2,https://roskazna.gov.ru/storage/operation-day-files/20260210_113339906.docx;https://roskazna.gov.ru/storage/operation-day-files/20260210_113339709.XML,7,2026-02-10
11 февраля 2026 00:00,2,https://roskazna.gov.ru/storage/operation-day-files/20260211_105921693.docx;https://roskazna.gov.ru/storage/operation-day-files/20260211_105921104.XML,7,2026-02-11
12 февраля 2026 00:00,4,https://roskazna.gov.ru/storage/operation-day-files/20260212_174603911.docx;https://roskazna.gov.ru/storage/operation-day-files/20260212_174603643.XML;https://roskazna.gov.ru/storage/operation-day-files/20260212_174603262.docx;https://roskazna.gov.ru/storage/operation-day-files/20260212_174603211.XML,7,2026-02-12
13 февраля 2026 00:00,2,https://roskazna.gov.ru/storage/operation-day-files/20260213_110158356.docx;https://roskazna.gov.ru/storage/operation-day-files/20260213_110158866.xml,7,2026-02-13
17 февраля 2026 00:00,2,https://roskazna.gov.ru/storage/operation-day-files/20260217_113325541.docx;https://roskazna.gov.ru/storage/operation-day-files/20260217_113325579.xml,7,2026-02-17
18 февраля 2026 00:00,2,https://roskazna.gov.ru/storage/operation-day-files/20260218_110509367.docx;https://roskazna.gov.ru/storage/operation-day-files/20260218_110509360.xml,7,2026-02-18
19 февраля 2026 00:00,2,https://roskazna.gov.ru/storage/operation-day-files/20260219_112013717.docx;https://roskazna.gov.ru/storage/operation-day-files/20260219_112013495.xml,7,2026-02-19
24 февраля 2026 00:00,2,https://roskazna.gov.ru/storage/operation-day-files/20260224_105037916.docx;https://roskazna.gov.ru/storage/operation-day-files/20260224_105037414.XML,7,2026-02-24
25 февраля 2026 00:00,4,https://roskazna.gov.ru/storage/operation-day-files/20260225_184025565.docx;https://roskazna.gov.ru/storage/operation-day-files/20260225_184025625.XML;https://roskazna.gov.ru/storage/operation-day-files/20260225_184025914.docx;https://roskazna.gov.ru/storage/operation-day-files/20260225_184024228.XML,7,2026-02-25
26 февраля 2026 00:00,4,https://roskazna.gov.ru/storage/operation-day-files/20260226_184242184.docx;https://roskazna.gov.ru/storage/operation-day-files/20260226_184242301.XML;https://roskazna.gov.ru/storage/operation-day-files/20260226_184242774.docx;https://roskazna.gov.ru/storage/operation-day-files/20260226_184242394.XML,7,2026-02-26
27 февраля 2026 00:00,10,https://roskazna.gov.ru/storage/operation-day-files/20260227_180524921.docx;https://roskazna.gov.ru/storage/operation-day-files/20260227_180523946.XML;https://roskazna.gov.ru/storage/operation-day-files/20260227_192720242.docx;https://roskazna.gov.ru/storage/operation-day-files/20260227_192720679.XML;https://roskazna.gov.ru/storage/operation-day-files/20260227_180523895.docx;https://roskazna.gov.ru/storage/operation-day-files/20260227_180523387.XML;https://roskazna.gov.ru/storage/operation-day-files/20260227_180523494.docx;https://roskazna.gov.ru/storage/operation-day-files/20260227_180523509.XML;https://roskazna.gov.ru/storage/operation-day-files/20260227_180523767.docx;https://roskazna.gov.ru/storage/operation-day-files/20260227_180523960.XML,6,2026-02-27
2 марта 2026 00:00,10,https://roskazna.gov.ru/storage/operation-day-files/20260302_181407757.docx;https://roskazna.gov.ru/storage/operation-day-files/20260302_181407958.XML;https://roskazna.gov.ru/storage/operation-day-files/20260303_115348270.docx;https://roskazna.gov.ru/storage/operation-day-files/20260303_115841774.XML;https://roskazna.gov.ru/storage/operation-day-files/20260302_181407987.docx;https://roskazna.gov.ru/storage/operation-day-files/20260302_181407863.XML;https://roskazna.gov.ru/storage/operation-day-files/20260302_181407850.docx;https://roskazna.gov.ru/storage/operation-day-files/20260302_181407133.XML;https://roskazna.gov.ru/storage/operation-day-files/20260302_181407726.docx;https://roskazna.gov.ru/storage/operation-day-files/20260302_181407336.XML,6,2026-03-02
3 марта 2026 00:00,8,https://roskazna.gov.ru/storage/operation-day-files/20260303_175940940.docx;https://roskazna.gov.ru/storage/operation-day-files/20260303_175940716.XML;https://roskazna.gov.ru/storage/operation-day-files/20260303_191206893.docx;https://roskazna.gov.ru/storage/operation-day-files/20260303_191206351.xml;https://roskazna.gov.ru/storage/operation-day-files/20260303_175940425.docx;https://roskazna.gov.ru/storage/operation-day-files/20260303_175940903.XML;https://roskazna.gov.ru/storage/operation-day-files/20260303_175941112.docx;https://roskazna.gov.ru/storage/operation-day-files/20260303_175940881.XML,6,2026-03-03
4 марта 2026 00:00,6,https://roskazna.gov.ru/storage/operation-day-files/20260304_182231929.docx;https://roskazna.gov.ru/storage/operation-day-files/20260304_182231963.XML;https://roskazna.gov.ru/storage/operation-day-files/20260304_190819608.docx;https://roskazna.gov.ru/storage/operation-day-files/20260304_190819382.XML;https://roskazna.gov.ru/storage/operation-day-files/20260304_182231410.docx;https://roskazna.gov.ru/storage/operation-day-files/20260304_182231794.XML,6,2026-03-04
5 марта 2026 00:00,2,https://roskazna.gov.ru/storage/operation-day-files/20260305_113238817.docx;https://roskazna.gov.ru/storage/operation-day-files/20260305_113238533.XML,6,2026-03-05
6 марта 2026 00:00,2,https://roskazna.gov.ru/storage/operation-day-files/20260306_112127321.docx;https://roskazna.gov.ru/storage/operation-day-files/20260306_112127895.XML,6,2026-03-06
10 марта 2026 00:00,2,https://roskazna.gov.ru/storage/operation-day-files/20260310_110230572.docx;https://roskazna.gov.ru/storage/operation-day-files/20260310_110230890.xml,6,2026-03-10
11 марта 2026 00:00,2,https://roskazna.gov.ru/storage/operation-day-files/20260311_105236979.docx;https://roskazna.gov.ru/storage/operation-day-files/20260311_105236260.xml,6,2026-03-11
12 марта 2026 00:00,2,https://roskazna.gov.ru/storage/operation-day-files/20260312_120641902.docx;https://roskazna.gov.ru/storage/operation-day-files/20260312_120641989.xml,6,2026-03-12
16 марта 2026 00:00,4,https://roskazna.gov.ru/storage/operation-day-files/20260316_174432505.docx;https://roskazna.gov.ru/storage/operation-day-files/20260316_174432635.XML;https://roskazna.gov.ru/storage/operation-day-files/20260316_174432451.docx;https://roskazna.gov.ru/storage/operation-day-files/20260316_174432807.XML,6,2026-03-16
17 марта 2026 00:00,2,https://roskazna.gov.ru/storage/operation-day-files/20260317_155359437.docx;https://roskazna.gov.ru/storage/operation-day-files/20260317_155359924.xml,5,2026-03-17
18 марта 2026 00:00,2,https://roskazna.gov.ru/storage/operation-day-files/20260318_105302512.docx;https://roskazna.gov.ru/storage/operation-day-files/20260318_105302603.xml,5,2026-03-18
19 марта 2026 00:00,2,https://roskazna.gov.ru/storage/operation-day-files/20260319_164113778.docx;https://roskazna.gov.ru/storage/operation-day-files/20260319_164210196.xml,5,2026-03-19
23 марта 2026 00:00,2,https://roskazna.gov.ru/storage/operation-day-files/20260323_110921560.docx;https://roskazna.gov.ru/storage/operation-day-files/20260323_110921237.xml,5,2026-03-23
25 марта 2026 00:00,2,https://roskazna.gov.ru/storage/operation-day-files/20260325_111304380.docx;https://roskazna.gov.ru/storage/operation-day-files/20260325_111304356.xml,5,2026-03-25
26 марта 2026 00:00,8,https://roskazna.gov.ru/storage/operation-day-files/20260326_180354570.docx;https://roskazna.gov.ru/storage/operation-day-files/20260326_180354634.XML;https://roskazna.gov.ru/storage/operation-day-files/20260326_180354823.docx;https://roskazna.gov.ru/storage/operation-day-files/20260326_180354326.XML;https://roskazna.gov.ru/storage/operation-day-files/20260326_180354715.docx;https://roskazna.gov.ru/storage/operation-day-files/20260326_180354343.XML;https://roskazna.gov.ru/storage/operation-day-files/20260326_180354381.docx;https://roskazna.gov.ru/storage/operation-day-files/20260326_180354991.XML,5,2026-03-26
27 марта 2026 00:00,8,https://roskazna.gov.ru/storage/operation-day-files/20260327_185149984.docx;https://roskazna.gov.ru/storage/operation-day-files/20260327_185149748.XML;https://roskazna.gov.ru/storage/operation-day-files/20260327_185149712.docx;https://roskazna.gov.ru/storage/operation-day-files/20260327_185149546.xml;https://roskazna.gov.ru/storage/operation-day-files/20260327_185149423.docx;https://roskazna.gov.ru/storage/operation-day-files/20260327_185149173.XML;https://roskazna.gov.ru/storage/operation-day-files/20260327_185149876.docx;https://roskazna.gov.ru/storage/operation-day-files/20260327_185149682.XML,5,2026-03-27
30 марта 2026 00:00,6,https://roskazna.gov.ru/storage/operation-day-files/20260330_190105150.docx;https://roskazna.gov.ru/storage/operation-day-files/20260330_190105247.XML;https://roskazna.gov.ru/storage/operation-day-files/20260330_182840253.docx;https://roskazna.gov.ru/storage/operation-day-files/20260330_182840681.XML;https://roskazna.gov.ru/storage/operation-day-files/20260330_182840966.docx;https://roskazna.gov.ru/storage/operation-day-files/20260330_182840848.XML,5,2026-03-30
31 марта 2026 00:00,4,https://roskazna.gov.ru/storage/operation-day-files/20260331_190920964.docx;https://roskazna.gov.ru/storage/operation-day-files/20260331_190920576.XML;https://roskazna.gov.ru/storage/operation-day-files/20260331_190920651.docx;https://roskazna.gov.ru/storage/operation-day-files/20260331_190920486.XML,5,2026-03-31
1 апреля 2026 00:00,4,https://roskazna.gov.ru/storage/operation-day-files/20260401_190449980.docx;https://roskazna.gov.ru/storage/operation-day-files/20260401_190449292.xml;https://roskazna.gov.ru/storage/operation-day-files/20260401_190449322.docx;https://roskazna.gov.ru/storage/operation-day-files/20260401_190449102.xml,5,2026-04-01
2 апреля 2026 00:00,8,https://roskazna.gov.ru/storage/operation-day-files/20260402_175358885.docx;https://roskazna.gov.ru/storage/operation-day-files/20260402_175358637.XML;https://roskazna.gov.ru/storage/operation-day-files/20260402_175358800.docx;https://roskazna.gov.ru/storage/operation-day-files/20260402_175358875.XML;https://roskazna.gov.ru/storage/operation-day-files/20260402_175358412.docx;https://roskazna.gov.ru/storage/operation-day-files/20260402_175358341.XML;https://roskazna.gov.ru/storage/operation-day-files/20260402_175358881.docx;https://roskazna.gov.ru/storage/operation-day-files/20260402_175358460.XML,4,2026-04-02
3 апреля 2026 00:00,2,https://roskazna.gov.ru/storage/operation-day-files/20260403_115054704.docx;https://roskazna.gov.ru/storage/operation-day-files/20260403_115054888.xml,4,2026-04-03
6 апреля 2026 00:00,2,https://roskazna.gov.ru/storage/operation-day-files/20260406_154955898.docx;https://roskazna.gov.ru/storage/operation-day-files/20260406_154955767.XML,4,2026-04-06
7 апреля 2026 00:00,6,https://roskazna.gov.ru/storage/operation-day-files/20260407_174919638.docx;https://roskazna.gov.ru/storage/operation-day-files/20260407_174919446.XML;https://roskazna.gov.ru/storage/operation-day-files/20260407_174919176.docx;https://roskazna.gov.ru/storage/operation-day-files/20260407_174919701.xml;https://roskazna.gov.ru/storage/operation-day-files/20260407_174919152.docx;https://roskazna.gov.ru/storage/operation-day-files/20260407_174919700.XML,4,2026-04-07
8 апреля 2026 00:00,6,https://roskazna.gov.ru/storage/operation-day-files/20260408_164937615.docx;https://roskazna.gov.ru/storage/operation-day-files/20260420_161615609.xml;https://roskazna.gov.ru/storage/operation-day-files/20260408_174015594.docx;https://roskazna.gov.ru/storage/operation-day-files/20260408_174015145.XML;https://roskazna.gov.ru/storage/operation-day-files/20260408_174015175.docx;https://roskazna.gov.ru/storage/operation-day-files/20260408_174015144.XML,4,2026-04-08
9 апреля 2026 00:00,6,https://roskazna.gov.ru/storage/operation-day-files/20260409_174758993.docx;https://roskazna.gov.ru/storage/operation-day-files/20260409_174758910.XML;https://roskazna.gov.ru/storage/operation-day-files/20260409_174758420.docx;https://roskazna.gov.ru/storage/operation-day-files/20260409_174758463.XML;https://roskazna.gov.ru/storage/operation-day-files/20260409_174758286.docx;https://roskazna.gov.ru/storage/operation-day-files/20260409_174758555.XML,4,2026-04-09
10 апреля 2026 00:00,2,https://roskazna.gov.ru/storage/operation-day-files/20260410_115736134.docx;https://roskazna.gov.ru/storage/operation-day-files/20260410_115736776.XML,4,2026-04-10
13 апреля 2026 00:00,2,https://roskazna.gov.ru/storage/operation-day-files/20260413_111301945.docx;https://roskazna.gov.ru/storage/operation-day-files/20260413_111301869.xml,4,2026-04-13
14 апреля 2026 00:00,4,https://roskazna.gov.ru/storage/operation-day-files/20260414_174002796.docx;https://roskazna.gov.ru/storage/operation-day-files/20260414_174002733.XML;https://roskazna.gov.ru/storage/operation-day-files/20260414_174002330.docx;https://roskazna.gov.ru/storage/operation-day-files/20260414_174002970.XML,4,2026-04-14
15 апреля 2026 00:00,4,https://roskazna.gov.ru/storage/operation-day-files/20260415_174147163.docx;https://roskazna.gov.ru/storage/operation-day-files/20260415_174147943.XML;https://roskazna.gov.ru/storage/operation-day-files/20260415_174147318.docx;https://roskazna.gov.ru/storage/operation-day-files/20260415_174147707.XML,4,2026-04-15
16 апреля 2026 00:00,2,https://roskazna.gov.ru/storage/operation-day-files/20260416_105319361.docx;https://roskazna.gov.ru/storage/operation-day-files/20260416_105319217.xml,3,2026-04-16
17 апреля 2026 00:00,2,https://roskazna.gov.ru/storage/operation-day-files/20260417_104327951.docx;https://roskazna.gov.ru/storage/operation-day-files/20260417_104327748.xml,3,2026-04-17
20 апреля 2026 00:00,4,https://roskazna.gov.ru/storage/operation-day-files/20260420_174347436.docx;https://roskazna.gov.ru/storage/operation-day-files/20260420_174347589.XML;https://roskazna.gov.ru/storage/operation-day-files/20260420_174347569.docx;https://roskazna.gov.ru/storage/operation-day-files/20260420_174347160.XML,3,2026-04-20
21 апреля 2026 00:00,4,https://roskazna.gov.ru/storage/operation-day-files/20260421_175644833.docx;https://roskazna.gov.ru/storage/operation-day-files/20260421_175644139.XML;https://roskazna.gov.ru/storage/operation-day-files/20260421_175644929.docx;https://roskazna.gov.ru/storage/operation-day-files/20260421_175644431.XML,3,2026-04-21
22 апреля 2026 00:00,2,https://roskazna.gov.ru/storage/operation-day-files/20260422_104917250.docx;https://roskazna.gov.ru/storage/operation-day-files/20260422_104917770.xml,3,2026-04-22
23 апреля 2026 00:00,4,https://roskazna.gov.ru/storage/operation-day-files/20260423_174932989.docx;https://roskazna.gov.ru/storage/operation-day-files/20260423_174932113.XML;https://roskazna.gov.ru/storage/operation-day-files/20260423_174932443.docx;https://roskazna.gov.ru/storage/operation-day-files/20260423_174932775.XML,3,2026-04-23
24 апреля 2026 00:00,2,https://roskazna.gov.ru/storage/operation-day-files/20260424_105532700.docx;https://roskazna.gov.ru/storage/operation-day-files/20260424_105532535.xml,3,2026-04-24
27 апреля 2026 00:00,8,https://roskazna.gov.ru/storage/operation-day-files/20260427_181250640.docx;https://roskazna.gov.ru/storage/operation-day-files/20260427_181250349.XML;https://roskazna.gov.ru/storage/operation-day-files/20260427_185538481.docx;https://roskazna.gov.ru/storage/operation-day-files/20260427_185538720.XML;https://roskazna.gov.ru/storage/operation-day-files/20260427_181250318.docx;https://roskazna.gov.ru/storage/operation-day-files/20260427_181250929.XML;https://roskazna.gov.ru/storage/operation-day-files/20260427_181250599.docx;https://roskazna.gov.ru/storage/operation-day-files/20260427_181249947.XML,3,2026-04-27
28 апреля 2026 00:00,8,https://roskazna.gov.ru/storage/operation-day-files/20260428_185456435.docx;https://roskazna.gov.ru/storage/operation-day-files/20260428_185456862.XML;https://roskazna.gov.ru/storage/operation-day-files/20260428_183057805.docx;https://roskazna.gov.ru/storage/operation-day-files/20260428_183057340.XML;https://roskazna.gov.ru/storage/operation-day-files/20260428_183057388.docx;https://roskazna.gov.ru/storage/operation-day-files/20260428_183057469.XML;https://roskazna.gov.ru/storage/operation-day-files/20260428_183057192.docx;https://roskazna.gov.ru/storage/operation-day-files/20260428_183057629.XML,3,2026-04-28
29 апреля 2026 00:00,6,https://roskazna.gov.ru/storage/operation-day-files/20260429_182252173.docx;https://roskazna.gov.ru/storage/operation-day-files/20260429_182252148.XML;https://roskazna.gov.ru/storage/operation-day-files/20260429_185616261.docx;https://roskazna.gov.ru/storage/operation-day-files/20260429_185616590.xml;https://roskazna.gov.ru/storage/operation-day-files/20260429_182252604.docx;https://roskazna.gov.ru/storage/operation-day-files/20260429_182252739.XML,3,2026-04-29
30 апреля 2026 00:00,10,https://roskazna.gov.ru/storage/operation-day-files/20260430_164047435.docx;https://roskazna.gov.ru/storage/operation-day-files/20260430_164047498.XML;https://roskazna.gov.ru/storage/operation-day-files/20260430_164047805.docx;https://roskazna.gov.ru/storage/operation-day-files/20260430_164047122.XML;https://roskazna.gov.ru/storage/operation-day-files/20260430_191127829.docx;https://roskazna.gov.ru/storage/operation-day-files/20260430_191127284.XML;https://roskazna.gov.ru/storage/operation-day-files/20260430_164047230.docx;https://roskazna.gov.ru/storage/operation-day-files/20260430_164047817.XML;https://roskazna.gov.ru/storage/operation-day-files/20260430_164047403.docx;https://roskazna.gov.ru/storage/operation-day-files/20260430_164047272.XML,2,2026-04-30
4 мая 2026 00:00,6,https://roskazna.gov.ru/storage/operation-day-files/20260504_182055464.docx;https://roskazna.gov.ru/storage/operation-day-files/20260504_182055197.XML;https://roskazna.gov.ru/storage/operation-day-files/20260504_181707658.docx;https://roskazna.gov.ru/storage/operation-day-files/20260504_181707770.XML;https://roskazna.gov.ru/storage/operation-day-files/20260504_181707870.docx;https://roskazna.gov.ru/storage/operation-day-files/20260504_181707963.XML,2,2026-05-04
5 мая 2026 00:00,10,https://roskazna.gov.ru/storage/operation-day-files/20260505_183300627.docx;https://roskazna.gov.ru/storage/operation-day-files/20260505_183300107.XML;https://roskazna.gov.ru/storage/operation-day-files/20260505_174428354.docx;https://roskazna.gov.ru/storage/operation-day-files/20260505_174428247.XML;https://roskazna.gov.ru/storage/operation-day-files/20260505_174428848.docx;https://roskazna.gov.ru/storage/operation-day-files/20260505_174428323.XML;https://roskazna.gov.ru/storage/operation-day-files/20260505_174428430.docx;https://roskazna.gov.ru/storage/operation-day-files/20260505_174428130.XML;https://roskazna.gov.ru/storage/operation-day-files/20260505_174428365.docx;https://roskazna.gov.ru/storage/operation-day-files/20260505_174428923.XML,2,2026-05-05
6 мая 2026 00:00,6,https://roskazna.gov.ru/storage/operation-day-files/20260506_173907618.docx;https://roskazna.gov.ru/storage/operation-day-files/20260506_173906739.XML;https://roskazna.gov.ru/storage/operation-day-files/20260506_173907255.docx;https://roskazna.gov.ru/storage/operation-day-files/20260506_173907386.XML;https://roskazna.gov.ru/storage/operation-day-files/20260506_173907738.docx;https://roskazna.gov.ru/storage/operation-day-files/20260506_173906196.XML,2,2026-05-06
7 мая 2026 00:00,8,https://roskazna.gov.ru/storage/operation-day-files/20260507_170555380.docx;https://roskazna.gov.ru/storage/operation-day-files/20260507_170555366.XML;https://roskazna.gov.ru/storage/operation-day-files/20260507_170555839.docx;https://roskazna.gov.ru/storage/operation-day-files/20260507_170555306.XML;https://roskazna.gov.ru/storage/operation-day-files/20260507_170555230.docx;https://roskazna.gov.ru/storage/operation-day-files/20260507_170555759.XML;https://roskazna.gov.ru/storage/operation-day-files/20260507_170555173.docx;https://roskazna.gov.ru/storage/operation-day-files/20260507_170555429.XML,2,2026-05-07
8 мая 2026 00:00,4,https://roskazna.gov.ru/storage/operation-day-files/20260512_152059843.docx;https://roskazna.gov.ru/storage/operation-day-files/20260512_152059561.XML;https://roskazna.gov.ru/storage/operation-day-files/20260512_152059620.docx;https://roskazna.gov.ru/storage/operation-day-files/20260512_152059346.XML,2,2026-05-08
12 мая 2026 00:00,12,https://roskazna.gov.ru/storage/operation-day-files/20260512_173400524.docx;https://roskazna.gov.ru/storage/operation-day-files/20260512_173400495.XML;https://roskazna.gov.ru/storage/operation-day-files/20260512_173413525.docx;https://roskazna.gov.ru/storage/operation-day-files/20260512_173413606.XML;https://roskazna.gov.ru/storage/operation-day-files/20260512_182806971.docx;https://roskazna.gov.ru/storage/operation-day-files/20260512_182806174.xml;https://roskazna.gov.ru/storage/operation-day-files/20260512_173413403.docx;https://roskazna.gov.ru/storage/operation-day-files/20260512_173413252.xml;https://roskazna.gov.ru/storage/operation-day-files/20260512_173413689.docx;https://roskazna.gov.ru/storage/operation-day-files/20260512_173413298.XML;https://roskazna.gov.ru/storage/operation-day-files/20260512_173413757.docx;https://roskazna.gov.ru/storage/operation-day-files/20260512_173413208.XML,2,2026-05-12
13 мая 2026 00:00,2,https://roskazna.gov.ru/storage/operation-day-files/20260513_105310288.docx;https://roskazna.gov.ru/storage/operation-day-files/20260513_105310395.xml,2,2026-05-13
14 мая 2026 00:00,10,https://roskazna.gov.ru/storage/operation-day-files/20260514_170937624.docx;https://roskazna.gov.ru/storage/operation-day-files/20260514_170936959.XML;https://roskazna.gov.ru/storage/operation-day-files/20260514_170937729.docx;https://roskazna.gov.ru/storage/operation-day-files/20260514_170936987.XML;https://roskazna.gov.ru/storage/operation-day-files/20260514_170937764.docx;https://roskazna.gov.ru/storage/operation-day-files/20260514_170937706.XML;https://roskazna.gov.ru/storage/operation-day-files/20260514_170937749.docx;https://roskazna.gov.ru/storage/operation-day-files/20260514_170936812.XML;https://roskazna.gov.ru/storage/operation-day-files/20260514_170937932.docx;https://roskazna.gov.ru/storage/operation-day-files/20260514_170936289.XML,2,2026-05-14
15 мая 2026 00:00,6,https://roskazna.gov.ru/storage/operation-day-files/20260518_094121372.docx;https://roskazna.gov.ru/storage/operation-day-files/20260518_094121509.XML;https://roskazna.gov.ru/storage/operation-day-files/20260518_094121546.docx;https://roskazna.gov.ru/storage/operation-day-files/20260518_094121371.XML;https://roskazna.gov.ru/storage/operation-day-files/20260518_094121879.docx;https://roskazna.gov.ru/storage/operation-day-files/20260518_094121468.XML,2,2026-05-15
19 мая 2026 00:00,2,https://roskazna.gov.ru/storage/operation-day-files/20260519_105243997.docx;https://roskazna.gov.ru/storage/operation-day-files/20260519_105243596.xml,1,2026-05-19
21 мая 2026 00:00,6,https://roskazna.gov.ru/storage/operation-day-files/20260521_171810762.docx;https://roskazna.gov.ru/storage/operation-day-files/20260521_171810295.XML;https://roskazna.gov.ru/storage/operation-day-files/20260521_171810531.docx;https://roskazna.gov.ru/storage/operation-day-files/20260521_171810537.XML;https://roskazna.gov.ru/storage/operation-day-files/20260521_171810749.docx;https://roskazna.gov.ru/storage/operation-day-files/20260521_171810846.XML,1,2026-05-21
22 мая 2026 00:00,2,https://roskazna.gov.ru/storage/operation-day-files/20260522_110404861.docx;https://roskazna.gov.ru/storage/operation-day-files/20260522_110404265.XML,1,2026-05-22
25 мая 2026 00:00,10,https://roskazna.gov.ru/storage/operation-day-files/20260525_182731364.docx;https://roskazna.gov.ru/storage/operation-day-files/20260525_182731258.XML;https://roskazna.gov.ru/storage/operation-day-files/20260525_180144471.docx;https://roskazna.gov.ru/storage/operation-day-files/20260525_180144577.XML;https://roskazna.gov.ru/storage/operation-day-files/20260525_180144799.docx;https://roskazna.gov.ru/storage/operation-day-files/20260525_180144243.XML;https://roskazna.gov.ru/storage/operation-day-files/20260525_180144300.docx;https://roskazna.gov.ru/storage/operation-day-files/20260525_180144586.XML;https://roskazna.gov.ru/storage/operation-day-files/20260525_180144898.docx;https://roskazna.gov.ru/storage/operation-day-files/20260525_180144972.XML,1,2026-05-25
26 мая 2026 00:00,6,https://roskazna.gov.ru/storage/operation-day-files/20260526_173408296.docx;https://roskazna.gov.ru/storage/operation-day-files/20260526_173408755.XML;https://roskazna.gov.ru/storage/operation-day-files/20260526_173408333.docx;https://roskazna.gov.ru/storage/operation-day-files/20260526_173408260.XML;https://roskazna.gov.ru/storage/operation-day-files/20260526_173408731.docx;https://roskazna.gov.ru/storage/operation-day-files/20260526_173408353.XML,1,2026-05-26
27 мая 2026 00:00,8,https://roskazna.gov.ru/storage/operation-day-files/20260527_185255912.docx;https://roskazna.gov.ru/storage/operation-day-files/20260527_185255413.xml;https://roskazna.gov.ru/storage/operation-day-files/20260527_183031684.docx;https://roskazna.gov.ru/storage/operation-day-files/20260527_183031798.XML;https://roskazna.gov.ru/storage/operation-day-files/20260527_183031671.docx;https://roskazna.gov.ru/storage/operation-day-files/20260527_183031847.XML;https://roskazna.gov.ru/storage/operation-day-files/20260527_183031829.docx;https://roskazna.gov.ru/storage/operation-day-files/20260527_183031755.XML,1,2026-05-27
28 мая 2026 00:00,8,https://roskazna.gov.ru/storage/operation-day-files/20260528_181246829.docx;https://roskazna.gov.ru/storage/operation-day-files/20260528_181246211.XML;https://roskazna.gov.ru/storage/operation-day-files/20260528_190543737.docx;https://roskazna.gov.ru/storage/operation-day-files/20260528_190543262.XML;https://roskazna.gov.ru/storage/operation-day-files/20260528_181246489.docx;https://roskazna.gov.ru/storage/operation-day-files/20260528_181246224.XML;https://roskazna.gov.ru/storage/operation-day-files/20260528_181246660.docx;https://roskazna.gov.ru/storage/operation-day-files/20260528_181246172.XML,1,2026-05-28
29 мая 2026 00:00,4,https://roskazna.gov.ru/storage/operation-day-files/20260529_185251431.docx;https://roskazna.gov.ru/storage/operation-day-files/20260529_185251919.xml;https://roskazna.gov.ru/storage/operation-day-files/20260529_175924673.docx;https://roskazna.gov.ru/storage/operation-day-files/20260529_175924143.xml,1,2026-05-29
1 июня 2026 00:00,12,https://roskazna.gov.ru/storage/operation-day-files/20260601_174628679.docx;https://roskazna.gov.ru/storage/operation-day-files/20260601_174628924.XML;https://roskazna.gov.ru/storage/operation-day-files/20260601_185248533.docx;https://roskazna.gov.ru/storage/operation-day-files/20260601_185248986.xml;https://roskazna.gov.ru/storage/operation-day-files/20260601_174628880.docx;https://roskazna.gov.ru/storage/operation-day-files/20260601_174628146.XML;https://roskazna.gov.ru/storage/operation-day-files/20260601_174628541.docx;https://roskazna.gov.ru/storage/operation-day-files/20260601_174628822.XML;https://roskazna.gov.ru/storage/operation-day-files/20260601_174628674.docx;https://roskazna.gov.ru/storage/operation-day-files/20260601_174628838.XML;https://roskazna.gov.ru/storage/operation-day-files/20260601_174628226.docx;https://roskazna.gov.ru/storage/operation-day-files/20260601_174628807.XML,1,2026-06-01
2 июня 2026 00:00,2,https://roskazna.gov.ru/storage/operation-day-files/20260602_105021546.docx;https://roskazna.gov.ru/storage/operation-day-files/20260602_105021260.XML,1,2026-06-02
