period_start,avg_period_anchor,avg_period_calendar_days,actual_balances_blnrub,required_avg_blnrub,required_account_blnrub,spread_blnrub,banks_with_avg_right,banks_active,reporting_period,regulation_period
2014-01-10,,31.0,1067.0774193548389,825.8,404.8,241.2774193548389,587.0,919.0,01.12.2013 — 01.01.2014,22.01.2014 — 24.01.2014
2014-02-10,,28.0,1027.355357142857,846.1,412.3,181.25535714285695,571.0,914.0,01.01.2014 — 01.02.2014,14.02.2014 — 18.02.2014
2014-03-10,,31.0,1050.0274193548385,866.0,439.9,184.02741935483846,562.0,904.0,01.02.2014 — 01.03.2014,17.03.2014 — 19.03.2014
2014-04-10,,30.0,1060.5583333333334,883.4,430.1,177.15833333333342,564.0,898.0,01.03.2014 — 01.04.2014,14.04.2014 — 16.04.2014
2014-05-10,,31.0,1060.4935483870966,894.6,430.3,165.89354838709653,568.0,890.0,01.04.2014 — 01.05.2014,19.05.2014 — 21.05.2014
2014-06-10,,30.0,1078.405,880.7,427.8,197.70499999999993,569.0,886.0,01.05.2014 — 01.06.2014,17.06.2014 — 19.06.2014
2014-07-10,,31.0,1043.0354838709677,877.4,428.6,165.63548387096773,569.0,880.0,01.06.2014 — 01.07.2014,14.07.2014 — 16.07.2014
2014-08-10,,31.0,1003.5967741935484,833.6,446.6,169.9967741935484,564.0,870.0,01.07.2014 — 01.08.2014,14.08.2014 — 18.08.2014
2014-09-10,,30.0,1019.7950000000001,861.1,427.1,158.69500000000005,557.0,865.0,01.08.2014 — 01.09.2014,12.09.2014 — 16.09.2014
2014-10-10,,31.0,1052.0467741935486,871.7,432.7,180.34677419354853,560.0,854.0,01.09.2014 — 01.10.2014,14.10.2014 — 16.10.2014
2014-11-10,,30.0,1094.0883333333334,909.0,451.9,185.08833333333337,559.0,847.0,01.10.2014 — 01.11.2014,18.11.2014 — 20.11.2014
2014-12-10,,31.0,1518.6951612903222,966.9,470.8,551.7951612903222,568.0,839.0,01.11.2014 — 01.12.2014,12.12.2014 — 16.12.2014
2015-01-10,,31.0,1224.9064516129033,1047.1,496.7,177.8064516129034,634.0,832.0,01.12.2014 — 01.01.2015,23.01.2015 — 27.01.2015
2015-02-10,,28.0,1214.5803571428569,1066.7,491.7,147.88035714285684,644.0,828.0,01.01.2015 — 01.02.2015,13.02.2015 — 17.02.2015
2015-03-10,,31.0,1215.8774193548386,1102.8,504.2,113.07741935483864,643.0,826.0,01.02.2015 — 01.03.2015,16.03.2015 — 18.03.2015
2015-04-10,,30.0,1188.9566666666663,1063.3,483.5,125.6566666666663,650.0,817.0,01.03.2015 — 01.04.2015,14.04.2015 — 16.04.2015
2015-05-10,,31.0,1138.9467741935484,1006.2,457.5,132.7467741935484,651.0,810.0,01.04.2015 — 01.05.2015,19.05.2015 — 21.05.2015
2015-06-10,,30.0,1163.0483333333332,1020.6,463.8,142.44833333333315,645.0,803.0,01.05.2015 — 01.06.2015,15.06.2015 — 17.06.2015
2015-07-10,,31.0,1201.9177419354835,1048.4,475.4,153.5177419354834,635.0,790.0,01.06.2015 — 01.07.2015,14.07.2015 — 16.07.2015
2015-08-10,,31.0,1205.0016129032256,1068.6,486.5,136.40161290322567,627.0,778.0,01.07.2015 — 01.08.2015,14.08.2015 — 18.08.2015
2015-09-10,,30.0,1398.0783333333334,1257.2,361.2,140.87833333333333,625.0,771.0,01.08.2015 — 01.09.2015,14.09.2015 — 16.09.2015
2015-10-10,,31.0,1465.532258064516,1320.6,365.3,144.9322580645162,612.0,761.0,01.09.2015 — 01.10.2015,14.10.2015 — 16.10.2015
2015-11-10,,30.0,1423.2816666666663,1290.0,356.9,133.2816666666663,602.0,745.0,01.10.2015 — 01.11.2015,16.11.2015 — 18.11.2015
2015-12-10,,31.0,1665.2806451612905,1318.7,363.4,346.5806451612905,595.0,735.0,01.11.2015 — 01.12.2015,14.12.2015 — 16.12.2015
2016-01-10,,32.0,1529.3824483437495,1367.1,382.3,162.2824483437496,589.0,729.0,01.12.2015 — 01.01.2016,22.01.2016 — 26.01.2016
2016-02-11,,28.0,1581.0142857142855,1416.2,386.3,164.81428571428546,587.0,721.0,01.01.2016 — 01.02.2016,12.02.2016 — 16.02.2016
2016-03-10,,28.0,1566.4357142857139,1439.1,391.1,127.33571428571395,585.0,711.0,01.02.2016 — 01.03.2016,16.03.2016 — 18.03.2016
2016-04-07,,35.0,1514.8114285714291,1380.1,375.3,134.71142857142922,577.0,700.0,01.03.2016 — 01.04.2016,14.04.2016 — 18.04.2016
2016-05-12,,28.0,1562.607142857142,1451.1,394.1,111.50714285714207,568.0,693.0,01.04.2016 — 01.05.2016,18.05.2016 — 20.05.2016
2016-06-09,,28.0,1569.771428571429,1443.0,391.5,126.77142857142894,559.0,686.0,01.05.2016 — 01.06.2016,15.06.2016 — 17.06.2016
2016-07-07,,28.0,1576.6392857142862,1442.6,391.4,134.03928571428628,550.0,676.0,01.06.2016 — 01.07.2016,14.07.2016 — 18.07.2016
2016-08-04,,35.0,1628.0885714285716,1525.5,413.8,102.58857142857164,541.0,663.0,01.07.2016 — 01.08.2016,12.08.2016 — 16.08.2016
2016-09-08,,28.0,1884.5,1760.0,477.6,124.5,531.0,651.0,01.08.2016 — 01.09.2016,14.09.2016 — 16.09.2016
2016-10-06,,35.0,1867.9,1761.4,476.7,106.5,526.0,647.0,01.09.2016 — 01.10.2016,14.10.2016 — 18.10.2016
2016-11-10,,28.0,1852.2,1746.7,475.2,105.5,518.0,638.0,01.10.2016 — 01.11.2016,15.11.2016 — 17.11.2016
2016-12-08,,35.0,1978.8,1765.6,481.9,213.20000000000005,512.0,627.0,01.11.2016 — 01.12.2016,14.12.2016 — 16.12.2016
2017-01-11,,28.0,1858.2,1743.3,478.2,114.90000000000009,508.0,620.0,01.12.2016 — 01.01.2017,20.01.2017 — 24.01.2017
2017-02-08,,28.0,1989.4,1874.4,514.6,115.0,502.0,617.0,2017-01-01 00:00:00,14.02.2017 — 16.02.2017
2017-03-08,,35.0,1971.0,1865.1,507.5,105.90000000000009,499.0,609.0,2017-02-01 00:00:00,15.03.2017 — 17.03.2017
2017-04-12,,28.0,1981.0,1848.1,504.9,132.9000000000001,492.0,605.0,2017-03-01 00:00:00,14.04.2017 — 18.04.2017
2017-05-10,,28.0,1931.4,1841.6,501.0,89.80000000000018,486.0,594.0,2017-04-01 00:00:00,17.05.2017 — 19.05.2017
2017-06-07,,35.0,1945.9,1861.4,506.5,84.5,486.0,589.0,2017-05-01 00:00:00,15.06.2017 — 19.06.2017
2017-07-12,,28.0,1967.1,1871.4,504.3,95.69999999999982,485.0,582.0,2017-06-01 00:00:00,14.07.2017 — 18.07.2017
2017-08-09,,28.0,1983.0,1901.7,508.9,81.29999999999995,484.0,577.0,2017-07-01 00:00:00,14.08.2017 — 16.08.2017
2017-09-06,,35.0,1979.9,1895.1,505.9,84.80000000000018,485.0,575.0,2017-08-01 00:00:00,14.09.2017 — 18.09.2017
2017-10-11,,28.0,1974.1,1874.3,497.0,99.79999999999995,484.0,572.0,2017-09-01 00:00:00,13.10.2017 — 17.10.2017
2017-11-08,,28.0,1967.7,1885.0,497.5,82.70000000000005,482.0,570.0,2017-10-01 00:00:00,15.11.2017 — 17.11.2017
2017-12-06,,35.0,2172.9,1901.3,506.2,271.60000000000014,477.0,563.0,2017-11-01 00:00:00,14.12.2017 — 18.12.2017
2018-01-10,,28.0,2011.1,1907.2,506.2,103.89999999999986,474.0,558.0,2017-12-01 00:00:00,22.01.2018 — 24.01.2018
2018-02-07,,28.0,2001.1,1908.5,506.4,92.59999999999991,470.0,552.0,2018-01-01 00:00:00,14.02.2018 — 16.02.2018
2018-03-07,,35.0,2024.6,1929.5,507.3,95.09999999999991,462.0,546.0,2018-02-01 00:00:00,16.03.2018 — 20.03.2018
2018-04-11,,28.0,2041.2,1936.3,508.5,104.90000000000009,461.0,538.0,2018-03-01 00:00:00,13.04.2018 — 17.04.2018
2018-05-09,,28.0,2071.3,1992.4,521.9,78.90000000000009,456.0,533.0,2018-04-01 00:00:00,17.05.2018 — 21.05.2018
2018-06-06,,35.0,2104.9,2016.1,527.7,88.80000000000018,450.0,527.0,2018-05-01 00:00:00,15.06.2018 — 19.06.2018
2018-07-11,,28.0,2105.8,2023.8,531.3,82.00000000000023,445.0,520.0,2018-06-01 00:00:00,13.07.2018 — 17.07.2018
2018-08-08,,28.0,2100.3,2025.2,527.1,75.10000000000014,443.0,514.0,2018-07-01 00:00:00,14.08.2018 — 16.08.2018
2018-09-05,,35.0,2236.1,2167.8,563.6,68.29999999999973,440.0,511.0,2018-08-01 00:00:00,14.09.2018 — 18.09.2018
2018-10-10,,28.0,2278.5,2210.1,570.1,68.40000000000009,434.0,505.0,2018-09-01 00:00:00,12.10.2018 — 16.10.2018
2018-11-07,,28.0,2273.9,2200.5,569.2,73.40000000000009,425.0,493.0,2018-10-01 00:00:00,15.11.2018 — 19.11.2018
2018-12-05,,35.0,2394.6,2202.2,575.3,192.4000000000001,418.0,486.0,2018-11-01 00:00:00,14.12.2018 — 18.12.2018
2019-01-09,,28.0,2331.4,2258.0,586.3,73.40000000000009,415.0,482.0,2018-12-01 00:00:00,22.01.2019 — 24.01.2019
2019-02-06,,28.0,2337.5,2272.8,588.4,64.69999999999982,412.0,478.0,2019-01-01 00:00:00,14.02.2019 — 18.02.2019
2019-03-06,,35.0,2346.3,2278.9,587.2,67.40000000000009,409.0,474.0,2019-02-01 00:00:00,15.03.2019 — 19.03.2019
2019-04-10,,28.0,2377.0,2293.5,588.9,83.5,408.0,470.0,2019-03-01 00:00:00,12.04.2019 — 16.04.2019
2019-05-08,,28.0,2389.1,2324.4,593.9,64.69999999999982,407.0,466.0,2019-04-01 00:00:00,21.05.2019 — 23.05.2019
2019-06-05,,35.0,2393.7,2333.9,595.9,59.79999999999973,404.0,464.0,2019-05-01 00:00:00,19.06.2019 — 19.06.2019
2019-07-10,,28.0,2403.8,2334.8,596.7,69.0,401.0,460.0,2019-06-01 00:00:00,12.07.2019 — 16.07.2019
2019-08-07,,28.0,2424.3,2362.6,603.8,61.70000000000027,398.0,455.0,2019-07-01 00:00:00,14.08.2019 — 16.08.2019
2019-09-04,,35.0,2490.2,2429.5,620.1,60.69999999999982,399.0,454.0,2019-08-01 00:00:00,13.09.2019 — 17.09.2019
2019-10-09,,28.0,2488.6,2430.2,618.9,58.40000000000009,399.0,454.0,2019-09-01 00:00:00,14.10.2019 — 16.10.2019
2019-11-06,,35.0,2499.1,2436.2,619.4,62.90000000000009,392.0,450.0,2019-10-01 00:00:00,15.11.2019 — 19.11.2019
2019-12-11,,35.0,2526.4,2427.8,617.4,98.59999999999991,385.0,442.0,2019-11-01 00:00:00,13.12.2019 — 17.12.2019
2020-01-15,,28.0,2479.3,2418.4,617.6,60.90000000000009,381.0,437.0,2019-12-01 00:00:00,22.01.2020 — 24.01.2020
2020-02-12,,28.0,2474.1,2398.3,612.7,75.79999999999973,381.0,436.0,2020-01-01 00:00:00,14.02.2020 — 18.02.2020
2020-03-11,,28.0,2536.4,2430.8,622.0,105.59999999999991,381.0,436.0,2020-02-01 00:00:00,16.03.2020 — 18.03.2020
2020-04-08,,35.0,2684.8,2604.9,664.8,79.90000000000009,378.0,434.0,2020-03-01 00:00:00,17.04.2020 — 21.04.2020
2020-05-13,,28.0,2699.5,2634.6,671.3,64.90000000000009,373.0,429.0,2020-04-01 00:00:00,20.05.2020 — 22.05.2020
2020-06-10,,28.0,2635.7,2569.5,656.3,66.19999999999982,372.0,428.0,2020-05-01 00:00:00,15.06.2020 — 17.06.2020
2020-07-08,,28.0,2589.6,2528.5,646.7,61.09999999999991,370.0,424.0,2020-06-01 00:00:00, 15.07.2020 — 17.07.2020
2020-08-05,,35.0,2631.7,2577.9,659.2,53.79999999999973,369.0,419.0,2020-07-01 00:00:00,14.08.2020 — 18.08.2020
2020-09-09,,28.0,2699.0,2633.9,673.2,65.09999999999991,367.0,417.0,2020-08-01 00:00:00,    14.09.2020 — 16.09.2020
2020-10-07,,35.0,2753.1,2688.3,686.2,64.79999999999973,363.0,415.0,2020-09-01 00:00:00,14.10.2020 — 16.10.2020
2020-11-11,,28.0,2806.4,2736.7,699.0,69.70000000000027,360.0,411.0,2020-10-01 00:00:00,16.11.2020 — 18.11.2020
2020-12-09,,35.0,2902.0,2790.7,713.6,111.30000000000018,357.0,407.0,2020-11-01 00:00:00,14.12.2020 — 16.12.2020
2021-01-13,,28.0,2878.5,2818.1,720.7,60.40000000000009,357.0,406.0,2020-12-01 00:00:00,22.01.2021 — 26.01.2021
2021-02-10,,28.0,2895.3,2825.0,722.0,70.30000000000018,357.0,406.0,2021-01-01 00:00:00,12.02.2021 — 16.02.2021
2021-03-10,,28.0,2964.7,2906.3,740.9,58.399999999999636,351.0,400.0,2021-02-01 00:00:00,15.03.2021 — 17.03.2021
2021-04-07,,35.0,3010.7,2934.1,748.8,76.59999999999991,341.0,390.0,2021-03-01 00:00:00,14.04.2021 — 16.04.2021
2021-05-12,,28.0,3081.6,3005.8,771.8,75.79999999999973,335.0,386.0,2021-04-01 00:00:00,18.05.2021 — 20.05.2021
2021-06-09,,28.0,3134.3,3032.0,772.4,102.30000000000018,332.0,380.0,2021-05-01 00:00:00,15.06.2021 — 17.06.2021
2021-07-07,,35.0,3169.3,3038.5,773.5,130.80000000000018,329.0,378.0,2021-06-01 00:00:00,14.07.2021 — 16.07.2021
2021-08-11,,28.0,3193.5,3058.6,777.9,134.9000000000001,327.0,375.0,2021-07-01 00:00:00,13.08.2021 — 17.08.2021
2021-09-08,,35.0,3242.9,3104.1,788.5,138.80000000000018,326.0,374.0,2021-08-01 00:00:00,14.09.2021 — 16.09.2021
2021-10-13,,28.0,3264.6,3131.5,794.4,133.0999999999999,327.0,372.0,2021-09-01 00:00:00,14.10.2021 — 18.10.2021
2021-11-10,,28.0,3292.1,3148.9,799.9,143.19999999999982,324.0,370.0,2021-10-01 00:00:00,16.11.2021 — 18.11.2021
2021-12-08,,35.0,3352.8,3207.4,815.3,145.4000000000001,325.0,370.0,2021-11-01 00:00:00,14.12.2021 — 16.12.2021
2022-01-12,,28.0,3323.2,3244.6,825.4,78.59999999999991,324.0,368.0,2021-12-01 00:00:00,21.01.2022 — 25.01.2022
2022-02-09,,28.0,3307.2,3304.6,843.3,2.599999999999909,320.0,366.0,2022-01-01 00:00:00,14.02.2022 — 16.02.2022
2022-03-09,,35.0,1464.9,1283.1,150.0,181.80000000000018,322.0,365.0,2022-02-01 00:00:00,15.03.2022 — 17.03.2022
2022-04-13,,35.0,1541.8,1420.9,162.1,120.89999999999986,322.0,364.0,2022-03-01 00:00:00,14.04.2022 — 18.04.2022
2022-05-18,,28.0,1464.9,1325.5,145.9,139.4000000000001,363.0,363.0,2022-04-01 00:00:00,23.05.2022 — 25.05.2022
2022-06-15,,28.0,1774.4,1631.2,145.9,143.20000000000005,364.0,364.0,2022-05-01 00:00:00,17.06.2022 — 21.06.2022
2022-07-13,,28.0,1719.6,1568.7,146.0,150.89999999999986,363.0,363.0,2022-06-01 00:00:00,18.07.2022 — 20.07.2022
2022-08-10,,35.0,1694.4,1562.1,146.0,132.30000000000018,361.0,361.0,2022-07-01 00:00:00,16.08.2022 — 18.08.2022
2022-09-14,,28.0,2451.6,2320.5,145.9,131.0999999999999,361.0,361.0,2022-08-01 00:00:00,16.09.2022 — 20.09.2022
2022-10-12,,35.0,2430.3,2323.3,145.9,107.0,360.0,360.0,2022-09-01 00:00:00,18.10.2022 — 20.10.2022
2022-11-16,,28.0,2406.7,2305.2,145.9,101.5,361.0,361.0,2022-10-01 00:00:00,17.11.2022 — 20.12.2022
2022-12-14,,35.0,2460.6,2322.1,145.9,138.5,361.0,361.0,2022-11-01 00:00:00,16.12.2022 — 20.12.2022
2023-01-18,,28.0,2513.2,2431.6,145.9,81.59999999999991,361.0,361.0,2022-12-01 00:00:00,24.01.2023 — 26.01.2023
2023-02-15,,28.0,2495.8,2402.1,265.4,93.70000000000027,361.0,361.0,2023-01-01 00:00:00,16.02.2023 — 20.02.2023
2023-03-15,,28.0,2539.5,2453.2,265.4,86.30000000000018,362.0,362.0,2023-02-01 00:00:00,17.03.2023 — 21.03.2023
2023-04-12,,35.0,3634.2,3547.9,265.3,86.29999999999973,361.0,361.0,2023-03-01 00:00:00,18.04.2023 — 20.04.2023
2023-05-17,,28.0,3693.1,3611.6,271.3,81.5,360.0,360.0,2023-04-01 00:00:00,19.05.2023 — 23.05.2023
2023-06-14,,28.0,3689.9,3621.4,271.3,68.5,361.0,361.0,2023-05-01 00:00:00,19.06.2023 — 21.06.2023
2023-07-12,,28.0,4328.4,4255.8,271.3,72.59999999999945,360.0,360.0,2023-06-01 00:00:00,18.07.2023 — 20.07.2023
2023-08-09,,35.0,4467.4,4385.3,271.7,82.09999999999945,360.0,360.0,2023-07-01 00:00:00,16.08.2023 — 18.08.2023
2023-09-13,,28.0,4577.9,4503.9,271.7,74.0,360.0,360.0,2023-08-01 00:00:00,18.09.2023 — 20.09.2023
2023-10-11,,35.0,4641.0,4562.5,271.7,78.5,360.0,360.0,2023-09-01 00:00:00,17.10.2023 — 19.10.2023
2023-11-15,,28.0,4667.076071714286,4595.6,271.7,71.47607171428535,360.0,360.0,2023-10-01 00:00:00,17.11.2023 — 21.11.2023
2023-12-13,,35.0,4656.088571428571,4564.6,271.7,91.48857142857105,360.0,360.0,2023-11-01 00:00:00,18.12.2023 — 20.12.2023
2024-01-17,,28.0,4723.0,4647.3,273.2,75.69999999999982,360.0,360.0,2023-12-01 00:00:00,24.01.2024 — 26.01.2024
2024-02-14,,28.0,4799.78,4712.3,273.1,87.47999999999956,359.0,358.0,2024-01-01 00:00:00,16.02.2024 — 20.02.2024
2024-03-13,,28.0,4658.6,4571.8,504.2,86.80000000000018,356.0,357.0,2024-02-01 00:00:00,19.03.2024 — 21.03.2024
2024-04-10,,28.0,4670.0,4581.9,504.2,88.10000000000036,356.0,356.0,2024-03-01 00:00:00,16.04.2024 — 18.04.2024
2024-05-08,,28.0,4751.6,4677.0,504.2,74.60000000000036,356.0,356.0,2024-04-01 00:00:00,21.05.2024 — 23.05.2024
2024-06-05,,35.0,4954.5,4742.1,504.1,212.39999999999964,355.0,355.0,2024-05-01 00:00:00,19.06.2024 — 21.06.2024
2024-07-10,,35.0,5134.3,4769.3,504.0,365.0,355.0,355.0,2024-06-01 00:00:00,16.07.2024 — 18.07.2024
2024-08-14,,28.0,4989.1,4746.3,504.0,242.80000000000018,355.0,355.0,2024-07-01 00:00:00,16.08.2024 — 20.08.2024
2024-09-11,,28.0,4923.8,4806.6,504.0,117.19999999999982,354.0,354.0,2024-08-01 00:00:00,17.09.2024 — 19.09.2024
2024-10-09,,35.0,5051.7,4925.4,504.0,126.30000000000018,354.0,354.0,2024-09-01 00:00:00,16.10.2024 — 18.10.2024
2024-11-13,,28.0,5135.4,5019.5,504.0,115.89999999999964,354.0,354.0,2024-10-01 00:00:00,18.11.2024 — 20.11.2024
2024-12-11,,35.0,5291.5,5136.3,499.3,155.19999999999982,353.0,353.0,2024-11-01 00:00:00,17.12.2024 — 19.12.2024
2025-01-15,,28.0,5232.9,5150.2,499.7,82.69999999999982,349.0,349.0,2024-12-01 00:00:00,24.01.2025 — 28.01.2025
2025-02-12,,28.0,5239.2,5181.7,499.7,57.5,350.0,350.0,2025-01-01 00:00:00,18.02.2025 — 20.02.2025
2025-03-12,,28.0,5110.0,5064.8,560.8,45.19999999999982,351.0,351.0,2025-02-01 00:00:00,18.03.2025 — 20.03.2025
2025-04-09,,28.0,5052.1,4995.7,560.8,56.400000000000546,349.0,349.0,2025-03-01 00:00:00,16.04.2025 — 18.04.2025
2025-05-07,,28.0,5009.7,4963.4,560.8,46.30000000000018,348.0,348.0,2025-04-01 00:00:00,22.05.2025 — 26.05.2025
2025-06-04,,35.0,5027.02,4960.1,554.8,66.92000000000007,349.0,349.0,2025-05-01 00:00:00,19.06.2025 — 23.06.2025
2025-07-09,,35.0,4996.1,4950.9,554.8,45.20000000000073,352.0,352.0,2025-06-01 00:00:00,16.07.2025 — 18.07.2025
2025-08-13,,28.0,5058.6,5003.6,554.8,55.0,352.0,352.0,2025-07-01 00:00:00,18.08.2025 — 20.08.2025
2025-09-10,,28.0,5147.3,5080.5,554.8,66.80000000000018,351.0,351.0,2025-08-01 00:00:00,16.09.2025 — 18.09.2025
2025-10-08,,35.0,5250.5,5185.4,554.6,65.10000000000036,351.0,351.0,2025-09-01 00:00:00,16.10.2025 — 20.10.2025
2025-11-12,,28.0,5265.5,5203.3,554.1,62.19999999999982,351.0,351.0,2025-10-01 00:00:00,19.11.2025 — 21.11.2025
2025-12-10,,35.0,5428.5,5307.6,554.1,120.89999999999964,350.0,350.0,2025-11-01 00:00:00,16.12.2025 — 18.12.2025
2026-01-14,,28.0,5414.2,5314.3,554.6,99.89999999999964,350.0,350.0,2025-12-01 00:00:00,27.01.2026 — 29.01.2026
2026-02-11,,28.0,5451.2,5342.2,554.6,109.0,350.0,350.0,2026-01-01 00:00:00,17.02.2026 — 19.02.2026
2026-03-11,,35.0,5407.2,5301.4,587.5,105.80000000000018,350.0,350.0,2026-02-01 00:00:00,18.03.2026 — 20.03.2026
2026-04-15,,28.0,5445.4,5315.5,587.5,129.89999999999964,349.0,349.0,2026-03-01 00:00:00,16.04.2026 — 20.04.2026
2026-05-13,,28.0,,5280.4,588.4,,347.0,347.0,2026-04-01 00:00:00,20.05.2026 — 22.05.2026
