auction_type,term_days,date,Время аукциона,allotment_mlnrub,weighted_avg_rate_pct,Код расчета,bliq_repo_auction_vol,bliq_standing_loans_vol
Репо,1.0,2014-01-09,11:32,974053.7,5.548,S0,2883.3,705.4
Репо,3.0,2014-01-10,11:31,940000.0,5.532,S0,2543.3,702.1
Репо,1.0,2014-01-13,11:37,830000.0,5.5558,S0,2509.4,606.5
Репо,1.0,2014-01-14,11:29,880000.0,5.549,S0,2399.1,602.6
Репо,7.0,2014-01-14,13:33,2230000.0,5.5222,S1,2399.1,602.6
Репо,1.0,2014-01-15,11:26,214630.7,5.6346,S0,2449.1,602.1
Репо,1.0,2014-01-16,11:29,110000.0,5.6191,S0,2489.2,602.2
Репо,3.0,2014-01-17,11:36,90000.0,5.7132,S0,2384.6,602.2
Репо,1.0,2014-01-20,11:31,250000.0,5.6316,S0,2364.5,581.3
Репо,1.0,2014-01-21,11:30,370000.0,5.5547,S0,2524.4,580.8
Репо,7.0,2014-01-21,13:47,2560000.0,5.5183,S1,2524.4,580.8
Репо,1.0,2014-01-22,11:34,10043.4,6.3721,S0,2644.2,581.2
Репо,1.0,2014-01-23,11:40,50330.1,6.1988,S0,2614.9,589.8
Репо,3.0,2014-01-24,11:31,30406.4,6.3551,S0,2654.2,589.5
Репо,1.0,2014-01-27,11:27,225187.4,5.6383,S0,2634.2,588.9
Репо,1.0,2014-01-28,11:29,314929.4,5.5576,S0,2829.0,591.7
Репо,7.0,2014-01-28,13:29,2651396.8,5.5183,S1,2829.0,591.7
Репо,1.0,2014-01-29,11:54,60000.0,6.1203,S0,2918.3,591.9
Репо,1.0,2014-01-30,11:35,10280.6,6.4017,S0,2756.1,586.1
Репо,3.0,2014-01-31,11:30,40000.0,6.3213,S0,2706.3,587.6
Репо,7.0,2014-02-04,13:32,2300000.0,5.5526,S1,2695.4,601.9
Репо,7.0,2014-02-11,13:31,2180000.0,5.5564,S1,2324.5,479.2
Репо,7.0,2014-02-18,13:39,2260000.0,5.5532,S1,2222.6,478.2
Репо,7.0,2014-02-25,13:42,2220000.0,5.5674,S1,2300.2,475.7
Репо,1.0,2014-03-04,11:54,368218.5,7.3351,S0,2258.4,472.7
Репо,7.0,2014-03-04,13:52,2371297.7,7.1631,S1,2258.4,472.7
Репо,7.0,2014-03-11,13:48,2210000.0,7.1358,S1,2407.9,487.0
Репо,3.0,2014-03-14,11:27,90000.0,7.4644,S0,2244.4,487.0
Репо,1.0,2014-03-17,11:38,400000.0,7.0784,S0,2332.9,480.3
Репо,7.0,2014-03-18,13:28,2586556.2,7.0856,S1,2637.4,482.0
Репо,1.0,2014-03-18,11:26,390000.0,7.0654,S0,2637.4,482.0
Репо,1.0,2014-03-24,11:37,120919.4,7.2845,S0,2583.2,368.6
Репо,1.0,2014-03-25,11:43,205799.0,7.0638,S0,2702.5,366.6
Репо,7.0,2014-03-25,13:45,2757265.1,7.0459,S1,2702.5,366.6
Репо,1.0,2014-03-26,11:34,152322.9,7.0779,S0,2785.9,367.3
Репо,1.0,2014-03-27,11:38,200000.0,7.0576,S0,2913.2,370.3
Репо,3.0,2014-03-28,11:30,282625.5,7.0411,S0,2959.8,280.1
Репо,1.0,2014-03-31,11:36,198448.9,7.0733,S0,3041.2,283.5
Репо,1.0,2014-04-01,11:42,210000.0,7.0749,S0,2956.1,367.4
Репо,7.0,2014-04-01,13:41,2868853.8,7.0448,S1,2956.1,367.4
Репо,7.0,2014-04-08,13:29,3010000.0,7.0379,S1,2868.7,369.5
Репо,7.0,2014-04-15,13:30,2800000.0,7.0773,S1,3012.7,290.9
Репо,2.0,2014-04-21,11:39,290000.0,7.105,S0,2802.3,293.5
Репо,7.0,2014-04-22,13:40,3163667.2,7.0446,S1,3091.7,293.9
Репо,2.0,2014-04-28,11:37,118420.0,7.5812,S0,3165.4,299.4
Репо,7.0,2014-04-29,15:03,3148207.7,7.5461,S1,3278.1,299.2
Репо,7.0,2014-05-06,14:28,3286274.6,7.543,S1,3151.7,300.8
Репо,7.0,2014-05-13,13:42,2950000.0,7.5716,S1,3290.1,295.7
Репо,1.0,2014-05-20,11:32,196297.5,7.5984,S0,2951.9,301.5
Репо,7.0,2014-05-20,13:37,3144980.0,7.551,S1,2951.9,301.5
Репо,7.0,2014-05-27,13:41,2773578.3,7.5613,S1,3148.6,295.9
Репо,7.0,2014-06-03,13:38,2366405.6,7.563,S1,2775.5,395.1
Репо,7.0,2014-06-10,13:30,2388484.4,7.5725,S1,2368.1,378.5
Репо,7.0,2014-06-17,13:40,2480000.0,7.5673,S1,2391.6,381.5
Репо,7.0,2014-06-24,13:34,2567174.9,7.5573,S1,2478.8,386.0
Репо,7.0,2014-07-01,13:55,2250000.0,7.5866,S1,2570.7,409.3
Репо,7.0,2014-07-08,13:33,2450000.0,7.5892,S1,2251.6,453.9
Репо,7.0,2014-07-15,13:45,2703206.9,7.5739,S1,2452.3,499.4
Репо,2.0,2014-07-21,11:58,50229.8,7.6443,S0,2702.1,454.6
Репо,1.0,2014-07-22,11:27,115366.1,7.566,S0,2751.3,504.5
Репо,7.0,2014-07-22,13:55,2887954.9,7.5671,S1,2751.3,504.5
Репо,2.0,2014-07-28,11:50,67812.6,8.0671,S0,2891.2,431.5
Репо,7.0,2014-07-29,13:34,2680000.0,8.0838,S1,2957.4,445.8
Репо,7.0,2014-08-05,13:32,2290000.0,8.0831,S1,2680.3,509.5
Репо,7.0,2014-08-12,13:31,2340000.0,8.0904,S1,2279.5,523.0
Репо,7.0,2014-08-19,13:41,2579496.5,8.097,S1,2342.9,600.6
Репо,7.0,2014-08-26,13:33,2410000.0,8.0823,S1,2582.1,578.8
Репо,7.0,2014-09-02,13:36,2100000.0,8.0995,S1,2408.6,670.3
Репо,7.0,2014-09-09,13:36,2250000.0,8.0858,S1,2100.1,663.2
Репо,7.0,2014-09-16,13:41,2150000.0,8.1178,S1,2250.2,725.9
Репо,6.0,2014-09-18,11:37,150000.0,8.3988,S0,2153.4,752.6
Репо,7.0,2014-09-23,13:28,2400000.0,8.1618,S1,2301.4,681.6
Репо,7.0,2014-09-30,13:36,1830000.0,8.3173,S1,2402.7,759.1
Репо,7.0,2014-10-07,13:44,1990000.0,8.1677,S1,1831.8,621.9
Репо,2.0,2014-10-13,11:33,220000.0,8.077,S0,1991.7,611.9
Репо,7.0,2014-10-14,13:38,2380000.0,8.1211,S1,2210.6,685.7
Репо,3.0,2014-10-17,11:38,300000.0,8.1183,S0,2382.0,744.0
Репо,2.0,2014-10-20,11:31,320000.0,8.1284,S0,2681.8,742.5
Репо,7.0,2014-10-21,13:39,2769228.9,8.1338,S1,2701.6,720.9
Репо,2.0,2014-10-27,11:29,120329.0,8.0744,S0,2771.8,678.9
Репо,7.0,2014-10-28,13:32,2881071.3,8.0993,S1,2891.7,684.8
Репо,7.0,2014-10-31,14:03,2850000.0,8.1326,S5,2883.4,787.6
Репо,7.0,2014-11-11,13:46,2695000.0,9.6931,S1,2851.0,614.2
Репо,7.0,2014-11-18,13:37,2690000.0,9.7191,S1,2696.2,661.9
Репо,1.0,2014-11-25,11:51,200000.0,10.1037,S0,2691.3,704.8
Репо,7.0,2014-11-25,14:12,2790000.0,9.9392,S1,2691.3,704.8
Репо,7.0,2014-12-02,13:34,2770000.0,9.8781,S1,2792.0,732.7
Репо,7.0,2014-12-09,13:34,3210000.0,9.9776,S1,2763.6,774.1
Репо,7.0,2014-12-16,13:40,3101253.8,17.3901,S1,3209.1,1175.5
Репо,1.0,2014-12-17,11:40,150000.0,17.4883,S0,3126.7,1277.2
Репо,3.0,2014-12-19,11:36,487731.3,17.1264,S0,3073.7,1388.4
Репо,1.0,2014-12-22,11:28,368828.6,17.1215,S0,3564.4,1694.8
Репо,1.0,2014-12-23,11:32,332243.4,17.1513,S0,3441.4,1748.8
Репо,6.0,2014-12-23,13:32,3003298.4,17.2505,S1,3441.4,1748.8
Репо,1.0,2014-12-24,11:37,167639.3,17.0922,S0,3400.9,1828.6
Репо,1.0,2014-12-25,11:35,187627.6,17.047,S0,3179.1,1918.0
Репо,3.0,2014-12-26,11:33,215646.1,17.0628,S0,3194.6,1975.4
Репо,1.0,2014-12-29,11:43,230000.0,17.2022,S0,3217.8,1978.1
Репо,15.0,2014-12-30,13:34,2690000.0,17.356,S0,3230.9,2054.8
Репо,7.0,2015-01-13,13:32,2450000.0,17.3014,S1,2703.9,2064.2
Репо,7.0,2015-01-20,13:43,2200000.0,17.3989,S1,2454.2,1845.5
Репо,7.0,2015-01-27,13:31,2070000.0,17.4435,S1,2206.6,1558.5
Репо,7.0,2015-02-03,13:36,1300000.0,15.6027,S1,2064.2,1227.2
Репо,7.0,2015-02-10,13:33,1200000.0,15.7314,S1,1301.0,1150.1
Репо,7.0,2015-02-17,13:35,1450000.0,15.7162,S1,1202.4,1096.9
Репо,7.0,2015-02-24,13:43,1430000.0,15.7404,S1,1454.1,1107.9
Репо,7.0,2015-03-03,13:33,1330000.0,15.7768,S1,1431.3,1083.5
Репо,7.0,2015-03-10,13:31,1350000.0,15.7224,S1,1333.5,671.8
Репо,7.0,2015-03-17,13:32,1450000.0,14.4327,S1,1353.6,627.3
Репо,1.0,2015-03-19,11:33,170000.0,14.5026,S0,1454.0,603.9
Репо,7.0,2015-03-24,13:34,1570000.0,14.3721,S1,1450.4,605.9
Репо,1.0,2015-03-26,11:32,180000.0,14.513,S0,1574.3,607.3
Репо,2.0,2015-03-30,11:44,340000.0,14.361,S0,1571.2,592.5
Репо,7.0,2015-03-31,13:45,1650000.0,14.3806,S1,1911.4,600.7
Репо,7.0,2015-04-07,13:32,1451899.7,14.2557,S1,1651.8,579.7
Репо,7.0,2015-04-14,13:50,2060000.0,14.2231,S1,1447.1,548.8
Репо,2.0,2015-04-20,11:37,230000.0,14.3658,S0,2061.7,588.1
Репо,7.0,2015-04-21,13:42,2360000.0,14.2354,S1,2291.3,648.1
Репо,2.0,2015-04-27,11:33,101562.8,14.2019,S0,2360.3,517.4
Репо,7.0,2015-04-28,13:32,2127797.9,14.1756,S1,2459.3,515.3
Репо,1.0,2015-04-29,11:28,133954.5,14.1337,S0,2457.0,516.1
Репо,7.0,2015-05-05,13:49,2241441.1,12.6646,S1,2133.0,659.0
Репо,7.0,2015-05-12,13:33,1620000.0,12.7163,S1,2244.7,514.5
Репо,7.0,2015-05-19,13:38,2170000.0,12.6662,S1,1621.8,479.8
Репо,7.0,2015-05-26,13:33,1780000.0,12.7179,S1,2174.9,377.0
Репо,7.0,2015-06-02,13:32,1290000.0,12.8281,S1,1782.3,370.8
Репо,3.0,2015-06-05,11:35,200000.0,13.024,S0,1293.1,344.6
Репо,1.0,2015-06-08,11:32,260000.0,13.0735,S0,1492.9,345.2
Репо,7.0,2015-06-09,13:32,1580000.0,12.8966,S1,1552.2,344.4
Репо,7.0,2015-06-16,13:31,1700000.0,11.9081,S1,1579.9,343.3
Репо,7.0,2015-06-23,13:31,1570000.0,12.0137,S1,1694.4,338.6
Репо,7.0,2015-06-30,13:33,1450000.0,12.1121,S1,1572.8,339.1
Репо,7.0,2015-07-07,13:32,1370000.0,12.044,S1,1451.6,331.0
Репо,7.0,2015-07-14,13:31,1230000.0,12.0619,S1,1372.8,325.7
Репо,7.0,2015-07-21,13:37,1620000.0,12.0342,S1,1232.7,324.9
Репо,7.0,2015-07-28,13:30,1590000.0,12.0098,S1,1622.8,325.5
Репо,7.0,2015-08-04,13:28,1120000.0,11.5412,S1,1592.3,316.6
Репо,7.0,2015-08-11,13:36,900000.0,11.5813,S1,1113.2,318.8
Репо,7.0,2015-08-18,13:32,1080000.0,11.5668,S1,901.9,314.5
Репо,7.0,2015-08-25,13:35,1230000.0,11.4867,S1,1081.7,315.0
Репо,7.0,2015-09-01,13:35,730000.0,11.612,S1,1226.8,315.0
Репо,7.0,2015-09-08,13:31,950000.0,11.5711,S1,728.9,314.2
Репо,7.0,2015-09-15,13:30,1100000.0,11.595,S1,951.8,133.3
Репо,7.0,2015-09-22,13:28,1440000.0,11.6324,S1,1097.6,135.8
Репо,7.0,2015-09-29,13:38,910000.0,11.7308,S1,1441.3,128.0
Репо,7.0,2015-10-06,13:32,730000.0,11.7666,S1,911.8,130.5
Репо,7.0,2015-10-13,15:05,1030000.0,11.7024,S1,728.0,120.3
Репо,7.0,2015-10-20,13:32,1160000.0,11.7315,S1,1027.8,124.6
Репо,8.0,2015-10-27,13:31,1090000.0,11.718,S1,1160.2,122.0
Репо,6.0,2015-11-03,13:28,570000.0,11.8557,S2,1092.1,119.2
Репо,7.0,2015-11-10,13:28,770000.0,11.7838,S1,571.2,119.5
Репо,7.0,2015-11-17,13:31,990000.0,11.7681,S1,771.5,117.9
Репо,7.0,2015-11-24,13:29,950000.0,11.7731,S1,978.5,118.2
Репо,7.0,2015-12-01,13:30,550000.0,11.8442,S1,951.8,115.3
Репо,7.0,2015-12-08,13:27,750000.0,11.8434,S1,551.1,113.9
Репо,7.0,2015-12-15,13:34,1000000.0,11.8405,S1,751.4,113.8
Репо,7.0,2015-12-22,13:31,1315514.2,11.808,S1,1001.4,175.2
Репо,14.0,2015-12-29,13:31,1442081.6,11.6007,S1,1313.4,198.5
Репо,7.0,2016-01-12,13:34,840000.0,11.8556,S1,1448.2,238.4
Репо,7.0,2016-01-19,13:31,620000.0,11.9073,S1,841.7,235.0
Репо,7.0,2016-01-26,13:58,770000.0,11.914,S1,618.9,166.0
Репо,7.0,2016-02-02,13:32,100000.0,12.0039,S1,767.2,264.4
Репо,7.0,2016-02-09,13:37,380000.0,11.7468,S1,99.5,173.7
Репо,7.0,2016-02-16,13:41,540000.0,11.4951,S1,380.7,44.8
Репо,7.0,2016-02-20,13:33,490000.0,11.6209,S4,537.1,45.7
Репо,7.0,2016-03-01,13:33,430000.0,11.6856,S1,491.0,292.1
Репо,7.0,2016-03-04,13:40,440000.0,11.7805,S5,424.1,75.3
Репо,7.0,2016-03-15,14:19,670000.0,11.6965,S1,432.5,54.2
Репо,7.0,2016-03-22,13:37,800000.0,11.5334,S1,667.7,42.1
Репо,7.0,2016-03-29,13:35,660000.0,11.5995,S1,799.6,54.4
Репо,7.0,2016-04-05,13:30,220000.0,11.8466,S1,650.0,41.8
Репо,7.0,2016-04-12,14:32,250000.0,11.7253,S1,220.4,39.1
Репо,7.0,2016-04-19,13:34,540000.0,11.3512,S1,250.4,40.0
Репо,7.0,2016-04-26,13:43,431064.2,11.3323,S1,533.1,39.3
Репо,7.0,2016-04-29,13:32,410000.0,11.2924,S5,429.2,38.2
Репо,7.0,2016-05-10,13:30,210000.0,11.4927,S1,410.5,43.1
Репо,7.0,2016-05-17,13:35,430000.0,11.4623,S1,210.2,38.6
Репо,7.0,2016-05-24,13:30,610000.0,11.4731,S1,430.8,38.8
Репо,7.0,2016-05-31,13:29,150000.0,11.9505,S1,605.1,36.2
Репо,7.0,2016-06-07,13:36,180000.0,11.9321,S1,150.3,26.3
Репо,7.0,2016-06-14,13:30,150000.0,11.4529,S1,180.1,26.2
Репо,7.0,2016-06-21,13:30,360000.0,11.2432,S1,150.2,24.2
Репо,7.0,2016-06-28,13:30,370000.0,11.264,S1,359.8,28.2
Репо,7.0,2016-07-05,13:33,100000.0,11.5018,S1,370.7,28.0
Репо,7.0,2016-07-12,13:30,120000.0,11.5119,S1,100.2,25.3
Репо,7.0,2016-07-19,13:30,529253.4,10.8696,S1,120.3,25.0
Репо,7.0,2016-07-26,13:29,480000.0,10.8308,S1,529.6,24.6
Репо,7.0,2016-08-02,13:28,10000.0,11.6959,S1,480.8,26.2
Репо,7.0,2016-08-16,13:39,100000.0,11.4815,S1,0.0,25.8
Репо,7.0,2016-08-23,13:32,320000.0,10.9585,S1,100.2,25.8
Репо,7.0,2016-09-20,13:47,620000.0,10.2052,S1,0.0,356.8
Репо,2.0,2017-01-30,11:43,270000.0,10.232,S0,0.0,17.2
Репо,1.0,2020-03-10,11:35,500000.0,6.039,S0,0.0,5.1
Репо,3.0,2020-03-13,11:33,79958.0,6.1512,S0,0.0,5.1
Репо,1.0,2020-03-19,11:34,250180.1,6.0493,S0,0.0,5.4
Репо,7.0,2020-03-30,11:57,500000.0,6.1643,S0,0.0,21.1
Репо,6.0,2020-03-31,11:35,368892.3,6.0033,S0,489.4,60.1
Репо,2.0,2020-04-06,11:33,424706.8,6.132,S0,858.6,37.5
Репо,3.0,2020-04-24,11:32,153926.6,6.0021,S0,0.0,5.1
Репо,2.0,2020-04-27,11:39,500000.0,5.5019,S0,154.0,5.1
Репо,6.0,2020-04-30,11:37,500000.0,5.5901,S0,0.0,5.3
Репо,6.0,2020-05-06,11:29,779845.0,5.5126,S0,500.5,5.1
Репо,28.0,2020-05-25,11:18,0.0,,S2,0.0,5.1
Репо,365.0,2020-06-22,12:34,5100.0,4.75,S1,0.0,5.1
Репо,29.0,2020-06-22,13:20,0.0,,S1,0.0,5.1
Репо,364.0,2020-07-20,11:19,0.0,,S2,5.3,5.1
Репо,28.0,2020-07-20,13:18,0.0,,S2,5.3,5.1
Репо,364.0,2020-08-17,11:28,0.0,,S2,5.3,5.1
Репо,28.0,2020-08-17,13:19,0.0,,S2,5.3,5.1
Репо,364.0,2020-09-14,11:29,0.0,,S2,5.3,5.1
Репо,28.0,2020-09-14,13:21,0.0,,S2,5.3,5.1
Репо,364.0,2020-10-12,11:42,20010.0,4.5,S2,5.3,5.1
Репо,28.0,2020-10-12,13:49,600010.0,4.35,S2,5.3,5.1
Репо,364.0,2020-11-09,11:25,0.0,,S2,628.2,5.1
Репо,28.0,2020-11-09,13:32,1200020.0,4.35,S2,628.2,5.1
Репо,364.0,2020-12-07,12:00,10525.7,4.7123,S2,1230.2,61.9
Репо,35.0,2020-12-07,13:39,806845.0,4.3501,S2,1230.2,61.9
Репо,35.0,2021-01-11,13:29,1102156.3,4.35,S2,846.8,10.5
Репо,364.0,2021-01-11,11:45,10310.0,4.5,S2,846.8,10.5
Репо,364.0,2021-02-15,11:25,0.0,,S2,1154.1,5.1
Репо,35.0,2021-02-15,13:39,50010.0,4.35,S2,1154.1,5.1
Репо,364.0,2021-03-22,11:33,5166.1,4.9032,S2,97.6,5.1
Репо,28.0,2021-03-22,13:28,50010.0,4.6,S2,97.6,5.1
Репо,364.0,2021-04-19,11:40,1161.6,4.75,S2,102.6,25.1
Репо,28.0,2021-04-19,13:49,100000.0,4.6,S2,102.6,25.1
Репо,364.0,2021-05-17,11:21,0.0,,S2,154.0,20.1
Репо,35.0,2021-05-17,13:32,100000.0,5.1,S2,154.0,20.1
Репо,28.0,2021-06-21,13:37,100000.0,5.6,S2,153.7,5.4
Репо,364.0,2021-06-21,11:23,0.0,,S2,153.7,5.4
Репо,364.0,2021-07-19,11:26,20.0,5.75,S2,148.3,5.7
Репо,28.0,2021-07-19,13:31,100000.0,5.8303,S2,148.3,5.7
Репо,364.0,2021-08-16,11:37,20.0,6.75,S2,148.4,5.4
Репо,28.0,2021-08-16,13:39,100000.0,6.603,S2,148.4,5.4
Репо,364.0,2021-09-13,11:30,20.0,7.0,S2,148.5,225.1
Репо,28.0,2021-09-13,13:38,60000.0,6.8517,S2,148.5,225.1
Репо,364.0,2021-10-11,11:40,20.0,7.0,S2,108.1,245.3
Репо,28.0,2021-10-11,13:28,100000.0,7.0825,S2,108.1,245.3
Репо,364.0,2021-11-08,11:45,270.0,7.75,S2,127.1,876.9
Репо,28.0,2021-11-08,13:30,100000.0,7.6301,S2,127.1,876.9
Репо,35.0,2021-12-06,13:31,100000.0,7.9252,S2,126.7,876.2
Репо,364.0,2021-12-06,11:43,20.0,7.75,S2,126.7,876.2
Репо,35.0,2022-01-10,13:25,30010.0,8.9001,S2,116.3,880.1
Репо,364.0,2022-01-10,11:34,100000.0,8.7705,S2,116.3,880.1
Репо,364.0,2022-02-14,11:27,20.0,9.75,S2,132.6,1125.1
Репо,35.0,2022-02-14,13:31,100000.0,9.9,S2,132.6,1125.1
Репо,1.0,2022-02-24,11:42,874085.5,9.7209,S0,196.5,1050.1
Репо,3.0,2022-02-25,11:33,1929161.6,9.5454,S0,1067.1,1877.9
Репо,1.0,2022-02-28,11:31,3037544.9,20.0051,S0,2101.3,3573.5
Репо,1.0,2022-03-01,11:30,2394983.5,20.0109,S0,3157.3,4467.4
Репо,7.0,2022-03-01,13:55,4141630.2,20.0011,S1,3157.3,4467.4
Репо,1.0,2022-03-03,11:33,513900.2,20.0108,S0,4348.0,4972.3
Репо,5.0,2022-03-04,13:32,678701.3,20.0155,S0,4862.2,3233.9
Репо,7.0,2022-03-09,13:36,3000000.0,20.0031,S0,5028.5,3013.5
Репо,1.0,2022-03-09,11:31,1634617.8,20.0087,S0,5028.5,3013.5
Репо,1.0,2022-03-10,11:29,2107634.0,20.0017,S0,4837.5,2682.0
Репо,3.0,2022-03-11,11:28,1990318.4,20.0018,S0,5310.8,1697.5
Репо,1.0,2022-03-14,11:30,2104271.1,20.0017,S0,5210.5,1517.0
Репо,7.0,2022-03-15,13:31,3000000.0,20.0353,S1,5213.2,1301.1
Репо,1.0,2022-03-15,11:31,2439210.3,20.0014,S0,5213.2,1301.1
Репо,1.0,2022-03-16,12:11,2045150.4,20.0084,S0,5548.3,634.8
Репо,1.0,2022-03-17,11:32,1940310.0,20.0064,S0,5233.8,304.7
Репо,3.0,2022-03-18,11:31,1964966.9,20.0034,S0,5125.7,39.5
Репо,1.0,2022-03-21,11:25,1709713.3,20.0042,S0,5153.4,44.6
Репо,28.0,2022-03-21,14:25,11158.6,20.1557,S2,5153.4,44.6
Репо,364.0,2022-03-21,15:32,10167.4,20.2537,S2,5153.4,44.6
Репо,7.0,2022-03-22,13:31,3514655.2,20.0277,S1,4893.5,44.5
Репо,1.0,2022-03-22,11:35,1401382.0,20.0048,S0,4893.5,44.5
Репо,1.0,2022-03-23,11:42,796122.2,20.029,S0,4575.4,24.6
Репо,1.0,2022-03-24,11:38,413894.7,20.0092,S0,4413.0,18.6
Репо,3.0,2022-03-25,11:33,622758.1,20.0011,S0,3949.6,18.9
Репо,1.0,2022-03-28,11:48,823961.7,20.0051,S0,4147.3,31.2
Репо,1.0,2022-03-29,11:31,534188.0,20.0101,S0,4347.7,152.4
Репо,7.0,2022-03-29,13:33,1480506.8,20.0154,S1,4347.7,152.4
Репо,1.0,2022-03-30,11:34,1000000.0,20.021,S0,4056.0,62.4
Репо,1.0,2022-03-31,11:33,727327.5,20.0063,S0,2572.9,65.4
Репо,3.0,2022-04-01,11:25,310786.0,20.0016,S0,2298.4,94.2
Репо,1.0,2022-04-04,11:32,308896.4,20.0005,S0,1881.9,230.2
Репо,7.0,2022-04-05,13:29,1500000.0,20.017,S1,1879.6,228.0
Репо,1.0,2022-04-05,11:28,209543.3,20.0008,S0,1879.6,228.0
Репо,7.0,2022-04-12,13:40,760000.0,17.109,S1,1586.0,1160.0
Репо,28.0,2022-04-18,13:32,20.0,17.1,S2,843.5,285.1
Репо,364.0,2022-04-18,11:33,7040.3,17.25,S2,843.5,285.1
Репо,7.0,2022-04-19,13:28,1187114.3,17.0297,S1,842.7,363.1
Репо,7.0,2022-04-26,13:31,689173.8,17.0311,S1,1266.5,87.9
Репо,7.0,2022-05-04,13:31,550000.0,14.1891,S0,766.7,66.2
Репо,7.0,2022-05-11,13:32,200000.0,14.313,S0,624.5,569.2
Репо,364.0,2022-05-16,11:28,1192.8,14.25,S2,273.2,718.2
Репо,35.0,2022-05-16,13:34,100000.0,14.1,S2,273.2,718.2
Репо,364.0,2022-06-20,11:26,33.5,9.75,S2,171.3,191.8
Репо,28.0,2022-06-20,13:40,100000.0,9.6,S2,171.3,191.8
Репо,28.0,2022-07-18,13:27,20.0,9.6,S2,168.9,169.1
Репо,364.0,2022-07-18,11:26,1020.0,9.75,S2,168.9,169.1
Репо,364.0,2022-08-15,11:29,310.0,8.25,S2,67.4,86.9
Репо,28.0,2022-08-15,13:32,3420.0,8.1471,S2,67.4,86.9
Репо,364.0,2022-09-12,11:39,100000.0,8.2501,S2,70.1,157.1
Репо,28.0,2022-09-12,13:34,20.0,8.1,S2,70.1,157.1
Репо,364.0,2022-10-10,11:31,100000.0,7.7501,S2,164.6,1319.9
Репо,28.0,2022-10-10,13:27,100000.0,7.6002,S2,164.6,1319.9
Репо,371.0,2022-11-07,11:43,100000.0,7.751,S2,371.6,846.7
Репо,28.0,2022-11-07,13:50,1391999.8,7.6,S2,371.6,846.7
Репо,371.0,2022-12-05,11:31,100000.0,7.7501,S2,1777.0,270.0
Репо,35.0,2022-12-05,13:31,1000000.0,7.6,S2,1777.0,270.0
Репо,371.0,2023-01-09,11:27,100000.0,7.75,S2,1491.5,313.0
Репо,35.0,2023-01-09,13:31,1500000.0,7.6047,S2,1491.5,313.0
Репо,364.0,2023-02-13,11:36,100000.0,7.75,S2,2064.9,291.7
Репо,35.0,2023-02-13,13:29,1000000.0,7.6,S2,2064.9,291.7
Репо,364.0,2023-03-20,11:27,100000.0,7.75,S2,1668.7,267.1
Репо,28.0,2023-03-20,13:29,1000000.0,7.6,S2,1668.7,267.1
Репо,364.0,2023-04-17,11:27,100000.0,7.75,S2,1764.9,79.8
Репо,28.0,2023-04-17,13:31,851475.6,7.6,S2,1764.9,79.8
Репо,364.0,2023-05-15,11:33,100000.0,7.75,S2,1718.6,95.0
Репо,35.0,2023-05-15,13:43,500000.0,7.6,S2,1718.6,95.0
Репо,364.0,2023-06-19,11:29,100000.0,7.75,S2,1472.7,118.9
Репо,28.0,2023-06-19,13:31,300000.0,7.6,S2,1472.7,118.9
Репо,364.0,2023-07-17,13:28,100000.0,7.75,S2,1378.0,154.9
Репо,28.0,2023-07-17,13:28,100000.0,7.66,S2,1378.0,154.9
Репо,28.0,2023-08-14,13:30,100000.0,8.6923,S2,1288.8,123.4
Репо,28.0,2023-09-11,13:39,100000.0,12.2601,S2,1306.6,1130.2
Репо,364.0,2023-09-11,11:25,0.0,,S2,1306.6,1130.2
Репо,364.0,2023-10-09,11:30,0.0,,S2,1202.1,477.6
Репо,35.0,2023-10-09,13:28,100000.0,13.1507,S2,1202.1,477.6
Репо,28.0,2023-11-13,13:59,100000.0,15.1612,S2,1099.9,1222.2
Репо,35.0,2023-12-11,13:36,100000.0,15.15,S2,991.9,949.9
Репо,21.0,2024-11-25,13:59,51010.0,21.5235,S2,0.0,4926.9
Репо,21.0,2024-12-02,13:15,0.0,,S2,51.6,4679.4
Репо,35.0,2024-12-09,13:31,850000.0,21.1001,S2,51.6,3573.7
Репо,35.0,2024-12-16,13:30,319514.9,21.1498,S2,918.8,4416.1
Репо,35.0,2024-12-23,16:45,208980.2,21.1011,S2,1192.2,2775.3
Репо,21.0,2025-01-13,13:30,850000.0,21.1,S2,1401.6,865.1
Репо,21.0,2025-01-20,13:32,300000.0,21.21,S2,1394.7,1076.9
Репо,21.0,2025-01-27,13:35,200000.0,21.16,S2,1373.9,1314.7
Репо,21.0,2025-02-03,14:10,550000.0,21.1,S2,1365.1,1531.7
Репо,21.0,2025-02-10,13:35,200000.0,21.101,S2,1060.8,1364.9
Репо,21.0,2025-02-17,13:30,100000.0,21.11,S2,960.7,1105.2
Репо,21.0,2025-02-24,13:29,250000.0,21.31,S2,859.1,1244.7
Репо,21.0,2025-03-03,13:31,100000.0,21.5001,S2,555.8,1748.7
Репо,4.0,2025-03-27,11:32,1500000.0,21.2404,S0,0.0,1800.6
Репо,2.0,2025-04-07,11:48,810000.0,21.4357,S0,0.0,1490.5
Репо,7.0,2025-04-15,13:30,1770000.0,21.243,S1,0.0,1066.2
Репо,7.0,2025-04-22,13:26,900000.0,21.2682,S1,1777.2,715.7
Репо,7.0,2025-04-29,13:28,200000.0,21.3071,S1,901.3,821.1
Репо,7.0,2025-05-06,13:29,880000.0,21.1519,S1,200.8,1240.1
Репо,7.0,2025-05-13,13:28,1040000.0,21.1499,S1,883.6,521.8
Репо,7.0,2025-05-20,13:30,866203.2,21.2553,S1,1042.9,749.3
Репо,7.0,2025-05-27,13:30,200000.0,21.2831,S1,869.7,734.3
Репо,7.0,2025-06-03,13:32,620000.0,21.2077,S1,200.2,739.7
Репо,7.0,2025-06-10,13:35,920000.0,20.2095,S1,622.5,806.1
Репо,7.0,2025-06-17,13:29,1020000.0,20.2298,S1,923.6,823.2
Репо,7.0,2025-06-24,13:33,1090000.0,20.2312,S1,1024.0,743.3
Репо,7.0,2025-07-01,13:26,1020000.0,20.2415,S1,1094.2,655.6
Репо,7.0,2025-07-08,13:38,1010000.0,20.2391,S1,1024.0,715.0
Репо,7.0,2025-07-15,13:26,706379.9,20.0193,S1,1013.8,480.2
Репо,7.0,2025-07-22,13:27,685544.8,20.002,S1,709.1,679.2
Репо,7.0,2025-07-29,13:32,2160000.0,18.6072,S1,688.2,1230.9
Репо,7.0,2025-08-05,13:29,1600000.0,18.3029,S1,2167.7,1163.9
Репо,7.0,2025-08-12,13:32,500000.0,18.4893,S1,1605.6,1408.9
Репо,7.0,2025-08-19,13:32,310000.0,18.2385,S1,501.8,1183.9
Репо,7.0,2025-08-26,13:33,450000.0,18.1799,S1,310.2,1063.4
Репо,7.0,2025-09-02,13:30,560000.0,18.1566,S1,451.1,1203.4
Репо,1.0,2025-09-09,11:27,850000.0,18.0009,S0,561.9,1233.4
Репо,7.0,2025-09-09,13:26,747044.5,18.0318,S1,561.9,1233.4
Репо,7.0,2025-09-16,13:26,1330000.0,17.1198,S1,748.6,1523.3
Репо,7.0,2025-09-23,13:30,1300000.0,17.1132,S1,1332.8,1078.3
Репо,7.0,2025-09-30,13:28,1490000.0,17.1258,S1,1302.3,916.4
Репо,7.0,2025-10-07,13:31,1460000.0,17.1158,S1,1494.1,858.2
Репо,7.0,2025-10-14,13:31,990000.0,17.1268,S1,1462.5,1514.1
Репо,7.0,2025-10-21,13:33,590000.0,17.0563,S1,992.8,1629.1
Репо,7.0,2025-10-28,13:30,1680000.0,16.6101,S1,590.5,1513.1
Репо,7.0,2025-11-05,13:32,2120000.0,16.5274,S0,1684.9,175.1
Репо,1.0,2025-11-11,11:27,850000.0,16.5058,S0,2126.7,205.1
Репо,7.0,2025-11-11,14:14,2310000.0,16.5199,S1,2126.7,205.1
Репо,7.0,2025-11-18,13:30,2830000.0,16.5181,S1,2317.3,25.1
Репо,7.0,2025-11-25,14:05,2850000.0,16.5174,S1,2832.3,164.8
Репо,7.0,2025-12-02,13:34,3270000.0,16.5124,S1,2857.1,75.6
Репо,1.0,2025-12-09,11:30,0.0,,S0,3280.4,70.8
Репо,7.0,2025-12-09,13:31,3180000.0,16.5083,S1,3280.4,70.8
Репо,7.0,2025-12-16,13:57,3420000.0,16.5023,S1,3187.6,24.8
Репо,6.0,2025-12-23,13:31,3630000.0,16.0926,S1,3429.6,70.8
Репо,15.0,2025-12-30,13:39,4700000.0,16.2045,S0,3637.2,128.5
Репо,7.0,2026-01-13,13:29,3310000.0,16.0575,S1,4731.3,209.2
Репо,7.0,2026-01-20,13:34,3230000.0,16.0267,S1,3317.4,382.2
Репо,7.0,2026-01-27,13:41,3380000.0,16.1121,S1,3237.1,208.2
Репо,7.0,2026-02-03,13:31,2760000.0,16.0303,S1,3390.4,413.0
Репо,1.0,2026-02-10,11:33,1450000.0,16.0016,S0,2766.8,117.0
Репо,7.0,2026-02-10,13:29,3230000.0,16.0234,S1,2766.8,117.0
Репо,7.0,2026-02-17,13:32,3160000.0,15.5196,S1,3239.9,663.0
Репо,7.0,2026-02-24,13:32,3190000.0,15.5279,S1,3169.0,328.0
Репо,7.0,2026-03-03,13:54,2990000.0,15.5207,S1,3199.2,697.0
Репо,1.0,2026-03-10,11:30,3080000.0,15.5069,S0,2998.8,519.5
Репо,7.0,2026-03-10,13:36,3660000.0,15.5144,S1,2998.8,519.5
Репо,7.0,2026-03-17,13:36,4180000.0,15.5082,S1,3670.9,154.5
Репо,7.0,2026-03-24,13:35,4090000.0,15.0471,S1,4191.3,477.7
Репо,7.0,2026-03-31,13:32,4220000.0,15.0319,S1,4101.7,341.8
Репо,7.0,2026-04-07,13:32,4610000.0,15.0151,S1,4232.0,258.2
Репо,1.0,2026-04-14,11:31,310000.0,15.0015,S0,4623.1,561.7
Репо,7.0,2026-04-14,13:30,4330000.0,15.013,S1,4623.1,561.7
Репо,7.0,2026-04-21,13:28,4480000.0,15.0114,S1,4342.5,267.7
Репо,7.0,2026-04-28,13:32,4590000.0,14.5494,S1,4491.4,524.0
Репо,7.0,2026-05-05,13:28,4130000.0,14.5141,S1,4602.7,813.0
Репо,7.0,2026-05-12,13:28,4780000.0,14.5112,S1,4139.8,638.0
Репо,7.0,2026-05-19,13:30,4410000.0,14.5124,S1,4792.3,905.7
Репо,7.0,2026-05-26,13:30,4320000.0,14.5132,S1,4420.2,751.7
